id,title,filename,studio,category,duration_min,pattern_type,pattern_match,series_name,performers
28272,Christy Love X Hailey Morning Threesome,haileyrose fcks fansly 3some sextape w christy.mp4,Hailey Rose,Western,18,Roman,X,Christy Love  Hailey Morning Threesome,Max Fills; Hailey Rose; Christy Love; FAV
28184,Free Use Families Scene 2 - Seduce Me,[RealityJunkies] Dakota Tyler - Free Use Families - Seduce Me.mp4,Reality Junkies,Japanese,26,Scene,Scene 2,Free Use Families  - Seduce Me,Mike Mancini; Dakota Tyler
28185,Let's Bang The Babysitter 8 - Scene 2,[ZeroTolerance] Dakota Tyler & Jennifer White - Lets Bang The Babysitter 8 - 1080p.mp4,Zero Tolerance Films,Western,30,Scene,Scene 2,Let's Bang The Babysitter 8,Mike Mancini; Jennifer White; Dakota Tyler
28183,March 2023 Flavor Of The Month Dakota Tyler - S3:E8,[PrincessCum] Dakota Tyler - Flavour of the Month - 03.01.23 - 1080p.mp4,Princess Cum,Western,26,Season/Episode,S3:E8,March 2023 Flavor Of The Month Dakota Tyler,Ricky Spanish; Dakota Tyler
28186,Toxic Friends - Scene 3,[ZeroTolerance] Dakota Tyler - Toxic Friends - Scene 3 - 1080p.mp4,Zero Tolerance Films,Western,29,Scene,Scene 3,Toxic Friends,Alex Mack; Dakota Tyler
28174,Petites Like It Big Scene 2,"Dakota Tyler -- @ZeroTolerance -- Petites Like It Big -- 2023-04-25 [1080p, x265].mp4",Zero Tolerance Films,Western,31,Scene,Scene 2,Petites Like It Big,Alex Legend; Dakota Tyler
28173,Nymphomaniac II,[MissaX] 2022-11-19 Dakota Tyler - Nymphomaniac II [1080p x265] [avsubtitles.com] spanish english subtitles.mkv,MissaX,Western,46,Roman,II,Nymphomaniac,Ricky Spanish; Dakota Tyler
28166,Step Sis Makes Me Cum - S14:E9,stepsiblingscaught_step_sis_makes_me_cum_1920.mp4,Step Siblings Caught,Western,32,Season/Episode,S14:E9,Step Sis Makes Me Cum,Tristan Summers
28160,Step Sis Has The Best Cookies - S18:E5,brattysis.tristan.sum.1080.mp4,Bratty Sis,Western,26,Season/Episode,S18:E5,Step Sis Has The Best Cookies,Connor Kennedy; Tristan Summers; Kinsley Kane
28159,You Saw Mine Now I Wanna See Yours - S19:E7,[StepSiblingsCaught] Tristan Summers - You Saw Mine Now I Wanna See Yours(January 23.2022).mp4,Step Siblings Caught,Western,23,Season/Episode,S19:E7,You Saw Mine Now I Wanna See Yours,Tristan Summers; Chase Arcangel
28146,This July 4th I Lit Stepbros Fuse And He Exploded All Over Me - S23:E5,stepsiblingscaught.2023.06.26.britt.blair.this.july.4th.i.lit.stepbros.fuse.and.he.exploded.all.over.me.mp4,Step Siblings Caught,Western,27,Season/Episode,S23:E5,This July 4th I Lit Stepbros Fuse And He Exploded All Over Me,Zane Walker; Britt Blair
28140,A Slice Of My Stepsisters Pie - S25:E1,[Bratty Sis] - 22.11.18 - Britt Blair And Haley Spades - A Slice Of My Stepsister's Pie 1080p.mp4,Bratty Sis,Western,22,Season/Episode,S25:E1,A Slice Of My Stepsisters Pie,Haley Spades; Tyler Cruise; Britt Blair
28141,All It Took Was A Dare - S26:E6,[BrattySis.com] Britt Blair & Sage Fox - All It Took Was A Dare_1080p.mp4,Bratty Sis,Western,32,Season/Episode,S26:E6,All It Took Was A Dare,Joshua Lewis; Britt Blair; Sage Fox
28133,Taking My Stepdaughter's Ass - Scene 1,Britt Blair Taking My Stepdaughter's Ass  ZeroTolerance 1080p.mp4,Zero Tolerance Films,Western,32,Scene,Scene 1,Taking My Stepdaughter's Ass,John Strong; Britt Blair
28061,Now It's Stepdaddy's Turn (Part 2),MyPervyFamily 2025-08-30 Lola Cheeks.mp4,My Pervy Family,Western,39,Part,Part 2,Now It's Stepdaddy's Turn (),Peter Fitzwell; Lola Cheeks
28062,Should We Finish What We Started...? (Part 1),MyPervyFamily 2025-08-28 Lola Cheeks.mp4,My Pervy Family,Western,39,Part,Part 1,Should We Finish What We Started...? (),Jodie Johnson; Lola Cheeks
28041,"S3E4: Tie Me to My Ballet Bar, Raise My Tutu, & I'll Show You How Flexible I Am",FamilyStrokes 2026-01-15 Della Cate.mp4,Tiny Sis,Western,44,Season/Episode,S3E4,"Tie Me to My Ballet Bar, Raise My Tutu, & I'll Show You How Flexible I Am",Della Cate; Arin Jones
28039,A Mother's Test pt.1,MissaX - A Mother's Test Full 1080p.mp4,MissaX,Western,109,Part,pt.1,A Mother's Test,Reagan Foxx; Codey Steele; Vanna Bardot
28022,Swinging In The Neighborhood: Part 3,brazzersexxtra.26.01.13.scarlette.moon.swinging.in.the.neighborhood.part.3.mp4,Brazzers Exxtra,Western,37,Part,Part 3,Swinging In The Neighborhood,Parker Ambrose; Ricky Johnson; Ace Hardz; Scarlette Moon
28001,Swinging In The Neighborhood: Part 1,"[Brazzers] Carmen Caliente, Girthmasterr - Swinging In The Neighborhood Part 1 2026 [1080p].mp4",Brazzers Exxtra,Western,28,Part,Part 1,Swinging In The Neighborhood,Carmen Caliente; Girthmasterr
28000,Swinging In The Neighborhood:Part 2,brazzersexxtra.26.01.12.lilly.bell.swinging.in.the.neighborhood.part.2.mp4,Brazzers Exxtra,Western,31,Part,Part 2,Swinging In The Neighborhood,Lilly Bell; Parker Ambrose; Derek Kage
27999,Step Sis Has Big Tits - S16:E2,brattysis_step_sis_has_big_tits_1920.mp4,Bratty Sis,Western,33,Season/Episode,S16:E2,Step Sis Has Big Tits,Jay Rock; Nala Brooks
27984,Gangbang Auditions 35 - Scene 1,01 - Victoria Voxxx.mp4,Diabolic,Western,52,Scene,Scene 1,Gangbang Auditions 35,Donny Sins; Johnny Goodluck; Jake Adams; Eric Masterson; Victoria Voxxx
27985,Gangbang Auditions 35 - Scene 2,02 - Avi Love.mp4,Diabolic,Western,55,Scene,Scene 2,Gangbang Auditions 35,Donny Sins; Isiah Maxwell; Codey Steele; Jake Adams; Avi Love
27976,Blacked Out #10 - Victoria Voxxx,Victoria Voxxx - Blacked Out #10 1080p.mp4,Devil's Gangbangs,Western,66,Numbered,#10,Blacked Out  - Victoria Voxxx,Isiah Maxwell; Nat Turnher; Victoria Voxxx; Dirk Huge; Sean Michaels
27969,Pretty Petite VOL2,CHANNELS_105982_2160P.mp4,Vixen Compilations,Western,29,Volume,VOL2,Pretty Petite,Coco Lovelock; Dolly Dyson; Lily Blossom; Quinn Saint
27886,Wellness & Enlightenment - Part 2,dpg.26.01.08.nala.brooks.lilith.grace.and.chloe.foxxe.wellness.and.enlightenment.part.2.mp4,Digital Playground Episodes,Western,45,Part,Part 2,Wellness & Enlightenment,Chloe Foxxe; Vince Karter; Lilith Grace; Nala Brooks
27884,How To Make Your Stepbro Fall In Love - S38:E5,NubilesPorn 2025-10-30 Bianca Bangs Laynee Jaymes.mp4,My Family Pies,Western,33,Season/Episode,S38:E5,How To Make Your Stepbro Fall In Love,Bianca Bangs; Sage Roux; Laynee James
27871,Thank You Sex For My Stepbro - S39:E3,[My Family Pies] 2026-01-07 - Nicole Nichols - Thank You Sex For My Stepbro - S39E3 [1080p].mp4,My Family Pies,Western,28,Season/Episode,S39:E3,Thank You Sex For My Stepbro,Ethan Seeks; Nicole Nichols
27862,Let's Do Something Different Vol 1 E3,[PurgatoryX] 2026-01-02 - Khloe Kapri - Let’s Do Something Different - Vol 1 E3 [1080p].mp4,Hell,Western,39,Volume,Vol 1,Let's Do Something Different  E3,Khloe Kapri; Jack Desfeux; Skylo
27853,Wellness & Enlightenment - Part 1,DigitalPlayground 2026-01-02 Lilith Grace.mp4,Digital Playground Episodes,Western,31,Part,Part 1,Wellness & Enlightenment,Vince Karter; Lilith Grace
27850,Not In My House - S5:E10,badteenspunished.18.05.27.gina.valentina.not.in.my.house.mp4,Bad Teens Punished,Western,22,Season/Episode,S5:E10,Not In My House,Charles Dera; Gina Valentina
27848,,[AdultStories-Clips4Sale] Lil Europa - Searching For Money Part 2 1080p.mp4,Clips4Sale,Western,19,Part,Part 2,[AdultStories-Clips4Sale] Lil Europa - Searching For Money  1080p.mp4,Lil Europa
27849,,[AdultStories-Clips4Sale] Lil Europa - Searching For Money Part 1 1080p.mp4,Clips4Sale,Western,29,Part,Part 1,[AdultStories-Clips4Sale] Lil Europa - Searching For Money  1080p.mp4,Lil Europa
27841,Episode 395 - Sasha Tatcha,HookUpHotShot.395.Sasha.Tatcha.1080p.x265.mp4,Hookup Hotshot,Western,81,Episode,Episode 395,Sasha Tatcha,Sasha Tatcha; Bryan Gozzling
27831,Student Teacher Conference - S2:E2,teacherfucksteens.16.07.15.elsa.jean.and.katie.morgan.student.teacher.conference.mp4,Teacher Fucks Teens,Western,22,Season/Episode,S2:E2,Student Teacher Conference,Rion King; Elsa Jean; Katie Morgan
27826,Promiscuous Sisters - S5:E6,brattysis.18.05.18.elsa.jean.and.hannah.hays.promiscuous.sisters.1080p.mp4,Bratty Sis,Western,25,Season/Episode,S5:E6,Promiscuous Sisters,Elsa Jean; Dustin Daring; Hannah Hays
27827,Taking Sis For A Spin - S7:E8,brattysis.18.11.16.elsa.jean.taking.sis.for.a.spin.mp4,Bratty Sis,Western,22,Season/Episode,S7:E8,Taking Sis For A Spin,Elsa Jean; Tony Profane
27828,Valentine Fuck - S4:E4,brattysis.18.02.09.elsa.jean.valentine.fuck.mp4,Bratty Sis,Western,21,Season/Episode,S4:E4,Valentine Fuck,Elsa Jean; Van Wylde
27824,My Sexy Roommate Vol 1 E3,"[PurgatoryX] My Sexy Roommate Vol 1 E3 [Elsa Jean, Paige Owens] (1080p).mp4",Heaven,Western,32,Volume,Vol 1,My Sexy Roommate  E3,Paige Owens; Elsa Jean; Michael Vegas
27825,Step Brother Crashes Sisters Pajama Party - S5:E1,"[Stepsiblingscaught] 17-06-13 Step Brother Crashes Sisters Pajama Party (Alana Summers, Elsa Jean) [1080p].mp4",Step Siblings Caught,Western,31,Season/Episode,S5:E1,Step Brother Crashes Sisters Pajama Party,Elsa Jean; Alana Summers; Alex Davis
27817,Listen To Your Mommy - S6:E5,"[MomsTeachSex] Alix Lynx, Elsa Jean - Listen To Your Mommy (05.06.2017) 1080p.mp4",Moms Teach Sex,Western,43,Season/Episode,S6:E5,Listen To Your Mommy,Kyle Mason; Elsa Jean; Alix Lynx
27815,Buy My Love - S11:E1,Elsa Jean - Buy My Love.mp4,Bratty Sis,Western,36,Season/Episode,S11:E1,Buy My Love,Elsa Jean; Tony Profane
27769,,The Official Morgpie Sex Tape #1_Morgpie_1080p.mp4,,Western,18,Numbered,#1,The Official Morgpie Sex Tape _Morgpie_1080p.mp4,Morgpie
27369,Raw - Episode 4,DigitalPlayground 2025-11-27 Anna Claire Clouds.mp4,Blockbuster,Western,35,Episode,Episode 4,Raw,Seth Gamble; Anna Claire Clouds
27245,Foursome Pt. 2,video (106).mp4,FansDB: Lilahanne (onlyfans),Western,21,Part,Pt. 2,Foursome,Lilah Anne; Camila Elle
27176,Uninvited Part 4,dpg.19.01.25.ella.hughes.and.kimmy.granger.uninvited.part.4.mp4,Digital Playground Episodes,Western,41,Part,Part 4,Uninvited,Ashley Lane; Danny D; Ivy Lebelle; Ella Hughes; Kimmy Granger
27166,Moms Master Plan - S9:E9,Edyn Blair and Tina Rayne - Moms Master Plan.mkv,Moms Teach Sex,Western,30,Season/Episode,S9:E9,Moms Master Plan,Sam Shock; Athena Rayne; Edyn Blair
27096,The Last Straw Vol 1 E3,"[PurgatoryX] Aidra Fox, Emily Willis - The Last Straw Vol01E3 (1080p).mp4",Heaven,Western,26,Volume,Vol 1,The Last Straw  E3,Donnie Rock; Aidra Fox; Emily Willis
27079,Sister Lost A Bet - S6:E7,stepsiblingscaught.18.02.14.bella.rose.sister.lost.a.bet.mp4,Step Siblings Caught,Western,18,Season/Episode,S6:E7,Sister Lost A Bet,Arabella Rose; Alex Davis
27071,Spin The Bottle - S40:E11,alex.coal_freya.parker_1080_x265.mp4,Nubile Films,Western,29,Season/Episode,S40:E11,Spin The Bottle,Ryan Mclane; Kyle Mason; Alex Coal; Freya Parker
27041,Roby & Harry - Tape 1,Roby&Harry-Tape1 Scale 3X Alq-13-2X-Rife-Rife3.1-59.94Fps-1.mp4,Sell Your Sex Tape,Western,63,Tape,Tape 1,Roby & Harry,Roby
27037,Roby & Harry - Tape 2,Roby&Harry-Tape2 Scale 3X Alq-13-1.mp4,Sell Your Sex Tape,Western,55,Tape,Tape 2,Roby & Harry,Roby
27038,Roby & Harry - Tape 3,Roby&Harry-Tape3 Scale 3X Alqs-2-1.mp4,Sell Your Sex Tape,Western,60,Tape,Tape 3,Roby & Harry,Roby
27042,Roby & Harry - Tape 4,Roby&Harry-Tape4 Scale 3X Alq-13-2X-Rife-Rife3.1-59.94Fps-2.mp4,Sell Your Sex Tape,Western,52,Tape,Tape 4,Roby & Harry,Roby
27040,Roby & Harry - Tape 5,Roby&Harry-Tape5 Scale 3X Alq-13-1.mp4,Sell Your Sex Tape,Western,52,Tape,Tape 5,Roby & Harry,Roby
27039,Roby & Harry - Tape 6,Roby&Harry-Tape6 Scale 3X Alq-13-2X-Rife-Rife3.1-59.94006Fps-3.mp4,Sell Your Sex Tape,Western,55,Tape,Tape 6,Roby & Harry,Roby
27043,Roby & Harry - Tape 7,Roby&Harry-Tape7 Scale 3X Alqs-2-2X-Rife-Rife3.1-59.94Fps-4.mp4,Sell Your Sex Tape,Western,90,Tape,Tape 7,Roby & Harry,Roby
26790,"Doctor Michaels, Part 2",drmichaels2-bighd.mp4,Mind Control Theatre,Western,35,Part,Part 2,Doctor Michaels,Ryan Mclane; FAV; Alexis Adams; Mila Jade; Alvin Tan
26776,Sex And Confidence - Scene 2,Sex And Confidence 2016 1080p WEB-DL AAC2 0 H 264.mp4,Digital Playground,Western,149,Scene,Scene 2,Sex And Confidence,Mr. Pete; Peta Jensen
26774,Alexis Adams 1 Of 3 - A Date At The Museum,ps.16.05.13.alexis.adams.the.negotiation.mp4,ATK Girlfriends,Western,25,X of Y,1 Of 3,Alexis Adams  - A Date At The Museum,Alexis Adams
26772,"Encore, Encore! Part 1",encenc1.mp4,Mind Control Theatre,Western,68,Part,Part 1,"Encore, Encore!",Ryan Mclane; Lauren Phillips; Nickey Huntsman
26771,"Encore, Encore! Part 2",encenc2.mp4,Mind Control Theatre,Western,40,Part,Part 2,"Encore, Encore!",Ryan Mclane; Michael Vegas; Lauren Phillips; Alexis Adams
26729,My Step Sister Got Arrested - S2:E2,ssc.16.03.17.alexa.grace.my.step.sister.got.arrested.mp4,Step Siblings Caught,Western,27,Season/Episode,S2:E2,My Step Sister Got Arrested,Van Wylde; Alexa Grace
26719,Taboo Triangle Ep 4,missa_forbidden4_51941180208m720p.mp4,MissaX,Western,26,Episode,Ep 4,Taboo Triangle,Jill Kassidy; Chad White; Krissy Lynn
26715,All In The Family - S5:E7,badteenspunished.18.03.25.pamela.morrison.all.in.the.family.mp4,Bad Teens Punished,Western,23,Season/Episode,S5:E7,All In The Family,Katya Rodriguez; Johnny Castle; Pamela Morrison
26706,I Caught My Step Sister And Her Friend - S1:E1,stepsiblingscaught_i_caught_my_step_sister_and_her_friend_1920 RB.mp4,Step Siblings Caught,Western,23,Season/Episode,S1:E1,I Caught My Step Sister And Her Friend,Mia Malkova; Van Wylde; Jillian Janson
26701,The Reckoning II,The Reckoning II.MP4,Missa,Western,26,Roman,II,The Reckoning,Jessica Ryan
26667,Jack's POV 15  - Scene 1,2626_jacks_pov15_scene1_1080p_6000.mp4,Digital Playground,Western,32,Scene,Scene 1,Jack's POV 15,Scott Nails; Faye Reagan
26644,Blackmail Step-Mommy to be My Video Slut IV,Blackmail Mommy to be My Video Slut IV.mp4,Missa,Western,22,Roman,IV,Blackmail Step-Mommy to be My Video Slut,Jessica Ryan
26489,Super Sunday With My Step Sis And Her Friend - S12:E1,mfp.20.01.27.super.sunday.with.my.step.sis.and.her.friend.mp4,My Family Pies,Western,26,Season/Episode,S12:E1,Super Sunday With My Step Sis And Her Friend,Oliver Flynn; Emily Willis; Aliya Brynn
26487,Girls Who Lie - S13:E1,"[NubilesPorn - StepSiblingsCaught] Girls Who Lie [Ellie Eilish, Aliya Brynn, Athena Faris] [1080p].mp4",Step Siblings Caught,Western,27,Season/Episode,S13:E1,Girls Who Lie,Codey Steele; Aliya Brynn; Athena Faris; Ellie Eilish
26435,A Long Time Cumming - S10:E10,[NubileFilms] Chloe Temple and Jasmine Grey - America's Sweethearts [1080p].mp4,Step Siblings Caught,Western,32,Season/Episode,S10:E10,A Long Time Cumming,Chloe Temple; Jasmine Grey; Michael Swayze
26429,REAL 18yo Teen Amateur Rough Fuck Creampie Scene #20-38,Jay Bank Presents - REAL 18yo Teen Amateur Rough Fuck Creampie Scene #20-38.mp4,Jay Bank Presents,Western,38,Numbered,#20,REAL 18yo Teen Amateur Rough Fuck Creampie Scene -38,Lil Babs
26187,,Model Media - Yue Ke Lan - HPP-017 Sun Moon lake Ep 1.mp4,Model Media,Western,36,Episode,Ep 1,Model Media - Yue Ke Lan - HPP-017 Sun Moon lake .mp4,Yue Ke Lan
26179,The Three Fucks Of Christmas: Part 3,brazzersexxtra.25.12.25.cherie.deville.and.violet.myers.the.three.fucks.of.christmas.part.3.mp4,Brazzers Exxtra,Western,31,Part,Part 3,The Three Fucks Of Christmas,Scott Nails; Cherie DeVille; Violet Myers
26178,The Three Fucks Of Christmas: Part 2,Brazzers 2025-12-24 Ryan Reid.mp4,Brazzers Exxtra,Western,37,Part,Part 2,The Three Fucks Of Christmas,Scott Nails; Mike OxSmall; Ryan Reid
26170,The Three Fucks Of Christmas: Part 1,Brazzers 2025-12-23 Lily Labeau.mp4,Brazzers Exxtra,Western,38,Part,Part 1,The Three Fucks Of Christmas,Lily LaBeau; Scott Nails
26057,,"Kaylee, 20 - Peruvian - Full Video Part II.mp4",,Western,15,Roman,II,"Kaylee, 20 - Peruvian - Full Video Part .mp4",FAV
26032,,"Huyen, 22 - Vietnamese - Study Sessions Pt II.mp4",,Western,15,Roman,II,"Huyen, 22 - Vietnamese - Study Sessions Pt .mp4",FAV
25996,,"Briana, 24 - Colombian Korean - Hearts & Spades Pt II.mp4",,Western,17,Roman,II,"Briana, 24 - Colombian Korean - Hearts & Spades Pt .mp4",FAV
25930,S3E2: My Cock Barely Fits Inside of This Tiny Troublemaker,tiny-sis_becky_summer_full_1080.mp4,Tiny Sis,Western,43,Season/Episode,S3E2,My Cock Barely Fits Inside of This Tiny Troublemaker,Becky Summer; Giovanni Francesco
25905,Medical Practice Pt. 2,futanari.24.08.02.emiri.momota.jadilica.penny.park.talia.mint.and.zazie.skymm.mp4,Futanari XXX,Western,35,Part,Pt. 2,Medical Practice,Leo Ahsoka; Sumire Mizukawa; Zazie Skymm; Talia Mint
25903,I’m Going to Suck You Off Deep and Slow! Vol. 2,"[Uncensored] CARIB-112323-001, Emiri Momota, No time for post nut clarity!.mp4",HEYZO,Japanese,55,Volume,Vol. 2,I’m Going to Suck You Off Deep and Slow!,Sumire Mizukawa
25889,Gang Bang Auditions 29 - Scene 2,[Diabolic] Veruca James - Gangbang Auditions 29 (2014) 1080p.mp4,Diabolic,Western,32,Scene,Scene 2,Gang Bang Auditions 29,Veruca James
25887,Veruca James - How To Train A Hotwife - Scene 1,howtotrainahotwife_1920.mp4,Hot Wife XXX,Western,111,Scene,Scene 1,Veruca James - How To Train A Hotwife,Mick Blue; Veruca James
25883,DP My Wife With Me #07 Scene 3,Veruca James - DP My Wife With Me 7 (16.June.2015)[1080p].mp4,Reality Junkies,Japanese,31,Scene,Scene 3,DP My Wife With Me #07,Tommy Gunn; Bill Bailey; Veruca James
25880,Humiliation at the Doctor&#8217;S Office,lily-rader-humiliation-doctors-office-720.mp4,Custom Fetish Videos,Western,60,Numbered,#8217,Humiliation at the Doctor&;S Office,Lily Rader; Gabriella Paltrova
25876,My Sister And Her Friend - S6:E1,brattysis.18.07.06.lexi.lore.and.pepper.hart.my.sister.and.her.friend.mp4,Bratty Sis,Western,25,Season/Episode,S6:E1,My Sister And Her Friend,Lexi Lore; Justin Hunt; Pepper Hart
25873,Step Brother Caught Peeping - S2:E6,"[Step Siblings Caught] Alaina Dawson - Step Brother Caught Peeping (2016-05-13) [1080p, x265].mp4",Step Siblings Caught,Western,18,Season/Episode,S2:E6,Step Brother Caught Peeping,Chad White; Alaina Dawson
25872,Desperate Step-Mommy Gets Blackmailed III,Desperate Mommy Gets Blackmailed III.mp4,MissaX,Western,28,Roman,III,Desperate Step-Mommy Gets Blackmailed,Robby Apples; Natasha Nice
25871,Desperate Step-Sister Gets Blackmailed V,Desperate Sister Gets Blackmailed V.mp4,MissaX,Western,20,Roman,V,Desperate Step-Sister Gets Blackmailed,Adriana Chechik; Jay Smooth
25662,,OnlyFans - Rikako Katayama - GATTOUZ0 X RIKAKO KATAYAMA.mp4,gattouz0,Western,109,Roman,X,OnlyFans - Rikako Katayama - GATTOUZ0  RIKAKO KATAYAMA.mp4,Rikako Katayama
25474,Bad Dad Jokes Lead To Swap Family Sex - S4:E8,familyswap.22.02.26.lexi.luna.and.sera.ryder[pt].mp4,Family Swap,Western,34,Season/Episode,S4:E8,Bad Dad Jokes Lead To Swap Family Sex,Lexi Luna; Alex Mack; Damon Dice; Sera Ryder
25467,Slutty Seminars Chapter 2: Sex Crazed Hotties Shalina Devine And Cara Mella Share Cock During Outdoor DP Gangbang,PornWorld 2025-12-17 Shalina Devine Cara Mella.mp4,Porn World,Western,32,Chapter,Chapter 2,Slutty Seminars : Sex Crazed Hotties Shalina Devine And Cara Mella Share Cock During Outdoor DP Gangbang,Caramella Del X; Matthew Meier; Shalina Devine; David Perry; Lorenzo Viota
25441,,Lustery - E1942 - House of Love and Lustery - S02E05 - Episode 2 [1080p].mp4,Lustery,Western,33,Episode,Episode 2,Lustery - E1942 - House of Love and Lustery - S02E05 -  [1080p].mp4,
25442,,Lustery - E1933 - House of Love and Lustery - S02E02 - Episode 1 [1080p].mp4,Lustery,Western,37,Episode,Episode 1,Lustery - E1933 - House of Love and Lustery - S02E02 -  [1080p].mp4,
25443,,Lustery - E1935 - House of Love and Lustery - S02E04 - Our Own Fun [1080p].mp4,Lustery,Western,28,Season/Episode,S02E04,Lustery - E1935 - House of Love and Lustery -  - Our Own Fun [1080p].mp4,
25444,,Lustery - E1934 - House of Love and Lustery - S02E03 - High Score Foursome [1080p].mp4,Lustery,Western,37,Season/Episode,S02E03,Lustery - E1934 - House of Love and Lustery -  - High Score Foursome [1080p].mp4,
25452,,Lustery - E1970 - House of Love and Lustery - S02E15 - Episode 5 [1080p].mp4,,Western,36,Episode,Episode 5,Lustery - E1970 - House of Love and Lustery - S02E15 -  [1080p].mp4,
25455,,Lustery - E1971 - House of Love and Lustery - S02E16 - The Orgy [1080p].mp4,,Western,45,Season/Episode,S02E16,Lustery - E1971 - House of Love and Lustery -  - The Orgy [1080p].mp4,
25447,House Of Love & Lustery: S2E3,Lustery - E1951 - House of Love and Lustery - S02E08 - Episode 3 [1080p].mp4,Lustery,Western,40,Season/Episode,S2E3,House Of Love & Lustery,Multiple Couples
25450,House Of Love & Lustery: S2E4,Lustery - E1961 - House of Love and Lustery - S02E12 - Episode 4 [1080p].mp4,Lustery,Western,27,Season/Episode,S2E4,House Of Love & Lustery,Multiple Couples
25430,Concept: Thot Ones #2,TeamSkeet 2025-12-08 Julia James.mp4,Reptyle Labs,Western,48,Numbered,#2,Concept: Thot Ones,Donnie Rock; Julia James
25420,Im Going To Ride You Like A Reindeer Stepbro - S30:E9,NubilesPorn 2025-12-15 Bianca Bangs Isabella Jules.mp4,Step Siblings Caught,Western,29,Season/Episode,S30:E9,Im Going To Ride You Like A Reindeer Stepbro,Bianca Bangs; Isabella Jules; Enzo East
25416,Lets Try Some Dick Together - S6:E6,NubilesPorn 2025-10-05 Daisy Phoenix Tess Thompson.mp4,Cum Swapping Sis,Western,29,Season/Episode,S6:E6,Lets Try Some Dick Together,Parker Ambrose; Daisy Phoenix; Tess Thompson
25413,I Share Because I Care - S1:E3,NubilesPorn 2025-12-11 Isabella Jules.mp4,Nubiles Porn,Western,28,Season/Episode,S1:E3,I Share Because I Care,Vince Karter; Codey Steele; Isabella Jules
24517,S2E2: The Tiniest Cam Girl,[Tinysis] Reese Robbins - S2 E2 The Tiniest Cam Girl - 08.02.22 - 1080P - X265.mp4,Tiny Sis,Western,40,Season/Episode,S2E2,The Tiniest Cam Girl,Reese Robbins; Giovanni Francesco
24516,S2E6: My Own Little Anime Girl,[TinySis] Violet Gems - My Own Little Anime Girl (1080p).mp4,Tiny Sis,Western,67,Season/Episode,S2E6,My Own Little Anime Girl,Duncan Saint; Violet Gems
24513,S2E5: My Personal Slave,Tinysis 2022-09-13 Britt Blair.mp4,Tiny Sis,Western,43,Season/Episode,S2E5,My Personal Slave,Billy Boston; Britt Blair
24328,Were Too Horny For A Christmas Card Picture - S11:E2,familyswap_were_too_horny_for_a_christmas_card_picture_1920.mp4,Family Swap,Western,29,Season/Episode,S11:E2,Were Too Horny For A Christmas Card Picture,Lana Smalls; Lexi Luna; Chad Alva; Enzo East
24324,Salon Seduction Chapter 2: Oiled Up Massage Appointment Turns Into DP Gangbang For Virgin Butterfly And Candee Licious,PornWorld 2025-12-06 Candee Licious Virgin Butterfly.mp4,Porn World,Western,31,Chapter,Chapter 2,Salon Seduction : Oiled Up Massage Appointment Turns Into DP Gangbang For Virgin Butterfly And Candee Licious,Ian Scott; Alex Romero; Francis_x; Candee Licious; Virgin Butterfly
23912,My Name is Zaawaadi - Part 4,zaw1080p.mp4,Rocco Siffredi,Western,56,Part,Part 4,My Name is Zaawaadi,Cherry Kiss; Yves Morgan; Zaawaadi; Oscar Batty; Mike Chapman
23899,Stepsis Joins The Lust Side - S37:E4,myfamilypies.25.04.28.emma.rosie.and.kimmy.kimm.stepsis.joins.the.lust.side.mp4,My Family Pies,Western,33,Season/Episode,S37:E4,Stepsis Joins The Lust Side,Kimmy Kimm; Emma Rosie; Ricky Spanish
23894,Can We Sleep In Your Bed - S10:E7,familyswap_can_we_sleep_in_your_bed_1920.mp4,Family Swap,Western,34,Season/Episode,S10:E7,Can We Sleep In Your Bed,Charles Dera; Juan El Caballo Loco; Emma Rosie; Andi Avalon
23877,All The Right Moves - S5:E1,NubilesPorn 2025-04-22 Emma Rosie Sawyer Cassidy.mp4,Petite Ballerinas Fucked,Western,33,Season/Episode,S5:E1,All The Right Moves,Quinton James; Sawyer Cassidy; Emma Rosie
23878,Seduced By My Roommates - S48:E27,NubileFilms.25.06.27.Emma.Rosie.And.Madison.Wilde.Seduced.By.My.Roommates.XXX.1080p.HEVC.x265.HGM.mp4,Nubile Films,Western,33,Season/Episode,S48:E27,Seduced By My Roommates,Alex Legend; Madison Wilde; Emma Rosie
23869,Act 5: Orgy at the club,Clara Mia Blake Blossom Nicole Vaunt Nicole Doshi Act 5- Orgy at the club .mp4,Dorcel Club,Western,26,Act,Act 5,Orgy at the club,Isiah Maxwell; Seth Gamble; Blake Blossom; Nicole Doshi; Nicole Vaunt
23870,Climax #4,"DorcelClub.24.07.05.Climax.4.Nicole Doshi, Valentina Nappi, Kenna James, Ana Foxxx, August Skye, Kendra Sunderland.4k.mp4",Dorcel Club,Western,76,Numbered,#4,Climax,Charles Dera; Isiah Maxwell; Seth Gamble; Kendra Sunderland; Nicole Doshi
23865,,[Cathy'sCraving] Lilith Grace - Scene 989 Lilith Grace Gangbang 2 (2025.11.23) {1080p}.mp4,,Western,33,Scene,Scene 989,[Cathy'sCraving] Lilith Grace -  Lilith Grace Gangbang 2 (2025.11.23) {1080p}.mp4,Lilith Grace
23862,Tell Your Mom Youre Jerking Off To Your Stepsis - S2:E5,NubilesPorn 2025-12-03 Juniper Ren.mp4,She's Breeding Material,Western,28,Season/Episode,S2:E5,Tell Your Mom Youre Jerking Off To Your Stepsis,Victor Ray; Juniper Ren
23772,,0gnvtfk3empt69edd5gxa_source-VV4UH8XN.mp4,,Western,15,Part,pt69,0gnvtfk3emedd5gxa_source-VV4UH8XN.mp4,Kayla Kapoor
23521,,2021-07-04_japanhdv_My_Pet_is_Haruna_Ikoma_scene2_hd.mp4,,Western,46,Scene,scene2,2021-07-04_japanhdv_My_Pet_is_Haruna_Ikoma__hd.mp4,
23478,,2021-04-03_japanhdv_I_Share_My_Girlfriend_Miyu_scene2_hd.mp4,,Western,64,Scene,scene2,2021-04-03_japanhdv_I_Share_My_Girlfriend_Miyu__hd.mp4,
23439,,2021-01-21_japanhdv_Galactic_Sentai_Brave_scene2_hd.mp4,,Western,15,Scene,scene2,2021-01-21_japanhdv_Galactic_Sentai_Brave__hd.mp4,
23139,,2020-10-21_japanhdv_Cheating_Wife_Reiko_Kobayakawa_scene1_hd.mp4,,Western,24,Scene,scene1,2020-10-21_japanhdv_Cheating_Wife_Reiko_Kobayakawa__hd.mp4,
23124,,2020-09-25_japanhdv_Uniform_Club_Reira_Sakurai_scene2_hd.mp4,,Western,43,Scene,scene2,2020-09-25_japanhdv_Uniform_Club_Reira_Sakurai__hd.mp4,
23084,,2020-07-11_japanhdv_Hot_Nurse_Hikari_Kazami_scene1_hd.mp4,,Western,19,Scene,scene1,2020-07-11_japanhdv_Hot_Nurse_Hikari_Kazami__hd.mp4,
22996,December 2025 Flavor Of The Month Serena Hill - S6:E5,NubilesPorn 2025-12-01 Serena Hill.mp4,Princess Cum,Western,42,Season/Episode,S6:E5,December 2025 Flavor Of The Month Serena Hill,Serena Hill; Parker Ambrose; Richard Glaze
22953,First Experience - Part 2,FilthyTaboo.22.01.10.Xxlayna.Marie.And.Roxie.Sinner.Threesome.XXX.1080p.MP4.mp4,Filthy Taboo,Western,30,Part,Part 2,First Experience,Xxlayna Marie; Peter Green; Roxie Sinner
22951,"Deal With It, Part 2: Card Declined? Try Pussy Pay!",pervzsingles.25.11.27.roxie.sinner.mp4,Pervz,Western,37,Part,Part 2,"Deal With It, : Card Declined? Try Pussy Pay!",Roxie Sinner
22943,Airport Lounge Lizards Get Lucky: Part 1,[Brazzers] Melissa Stratton - Airport Lounge Lizards Get Lucky Part 1 2025 [1080p].mp4,Brazzers Exxtra,Western,28,Part,Part 1,Airport Lounge Lizards Get Lucky,Melissa Stratton; Ace Hardz; Aleksandra Mink
22942,Airport Lounge Lizards Get Lucky: Part 2,BrazzersExxtra.25.11.28.Liv.Revamped.Octavia.Red.And.Andi.Avalon.Airport.Lounge.Lizards.Get.Lucky.Part.2.1080p.x265.mp4,Brazzers Exxtra,Western,30,Part,Part 2,Airport Lounge Lizards Get Lucky,Mick Blue; Liv Revamped; Octavia Red; Andi Avalon
22933,"Deal With It, Part 3: The Family Orgy Punishment Plan (Swappz Special)",Swappz 2025-11-30 Roxie Sinner Amber Summer Ariana Starr.mp4,Swappz Singles,Western,46,Part,Part 3,"Deal With It, : The Family Orgy Punishment Plan (Swappz Special)",Amber Summer; Roxie Sinner; Ariana Starr
22905,,"Heydouga.com 4017-212 (Siro-Hame) Misato, Miku, Ayumu - 2016 Creampie Tour of Okinawa With Bikini Girls Part 2.mp4",,Western,28,Part,Part 2,"Heydouga.com 4017-212 (Siro-Hame) Misato, Miku, Ayumu - 2016 Creampie Tour of Okinawa With Bikini Girls .mp4",
22906,,"Heydouga.com 4017-212 (Siro-Hame) Misato, Miku, Ayumu - 2016 Creampie Tour of Okinawa With Bikini Girls Part 5.mp4",,Western,47,Part,Part 5,"Heydouga.com 4017-212 (Siro-Hame) Misato, Miku, Ayumu - 2016 Creampie Tour of Okinawa With Bikini Girls .mp4",Aiden Starr; Alana Cruise; FAV; Alice Lovegood
22907,,"Heydouga.com 4017-212 (Siro-Hame) Misato, Miku, Ayumu - 2016 Creampie Tour of Okinawa With Bikini Girls Part 4.mp4",,Western,60,Part,Part 4,"Heydouga.com 4017-212 (Siro-Hame) Misato, Miku, Ayumu - 2016 Creampie Tour of Okinawa With Bikini Girls .mp4",Alana Rose; Alicia Reign; Alex Jett; FAV; Addyson James
22908,,"Heydouga.com 4017-212 (Siro-Hame) Misato, Miku, Ayumu - 2016 Creampie Tour of Okinawa With Bikini Girls Part 3.mp4",,Western,37,Part,Part 3,"Heydouga.com 4017-212 (Siro-Hame) Misato, Miku, Ayumu - 2016 Creampie Tour of Okinawa With Bikini Girls .mp4",
22909,,"Heydouga.com 4017-212 (Siro-Hame) Misato, Miku, Ayumu - 2016 Creampie Tour of Okinawa With Bikini Girls Part 6.mp4",,Western,34,Part,Part 6,"Heydouga.com 4017-212 (Siro-Hame) Misato, Miku, Ayumu - 2016 Creampie Tour of Okinawa With Bikini Girls .mp4",
22910,,"Heydouga.com 4017-212 (Siro-Hame) Misato, Miku, Ayumu - 2016 Creampie Tour of Okinawa With Bikini Girls Part 1.mp4",,Western,48,Part,Part 1,"Heydouga.com 4017-212 (Siro-Hame) Misato, Miku, Ayumu - 2016 Creampie Tour of Okinawa With Bikini Girls .mp4",David Strongwood; Alex Romero; Dave Candle
22281,Raw - Episode 3,DigitalPlayground 2025-11-20 Chantal Danielle.mp4,Blockbuster,Western,34,Episode,Episode 3,Raw,Seth Gamble; Chantal Danielle
22276,Jadeemoon #4 Official Sextape,[MV-Blowketing] Jadeemoon #4 Official Sextape 2025 [1080p].mp4,Blowketing,Western,21,Numbered,#4,Jadeemoon  Official Sextape,Jadee Moon
22277,Jadeemoon #5 Official Sextape,[MV-Blowketing] Jadeemoon #5 Official Sextape 2025 [1080p].mp4,Blowketing,Western,23,Numbered,#5,Jadeemoon  Official Sextape,Jadee Moon
22272,Jadeemoon #6 Official Sextape,Blowketing Screws And Cums On JadeeMoon  PimpBunny.mp4,Manyvids: Blowketing,Western,27,Numbered,#6,Jadeemoon  Official Sextape,Jadee Moon
22268,Skinnycurly #1 Official Sextape,SkinnyCurly Loves Sucking  Getting Stuffed  PimpBunny.mp4,Blowketing,Western,35,Numbered,#1,Skinnycurly  Official Sextape,Blowketing
22269,Skinnycurly #3 Official Sextape,SkinnyCurly Gets Smashed On All Fours  PimpBunny.mp4,Blowketing,Western,28,Numbered,#3,Skinnycurly  Official Sextape,Blowketing
22250,Rocco's Perverted Secretaries #10 Episode 4,"[RoccoSiffredi] Alexa Flexy, Atlanta Moreno - Roccos Perverted Secretaries 2024 [1080p].mp4",Rocco Siffredi,Western,50,Episode,Episode 4,Rocco's Perverted Secretaries #10,Raul Costa; Alexa Flexy; Atlanta Moreno
22243,Hawaii Show Part 1: Sara's First Sex Show,[ManyVids] Jack and Jill - Hawaii Show Part 1 Sara's First Sex Show.mp4,Jack_and_Jill,Western,135,Part,Part 1,Hawaii Show : Sara's First Sex Show,Jak Palmer; Maya Rue; Jill Palmer; Sara Turner
22228,Christmas Party Passion - S19:E9,NFBusty 2023-12-12 Hailey Rose Octavia Red.mp4,NF Busty,Western,36,Season/Episode,S19:E9,Christmas Party Passion,Max Fills; Hailey Rose; Octavia Red
22229,Memorial Day Menage A Trois - S20:E3,NFBusty.24.05.17.Octavia.Red.And.Scarlett.Alexis.Memorial.Day.Menage.A.Trois.XXX.1080p.MP4-WRB.mp4,NF Busty,Western,41,Season/Episode,S20:E3,Memorial Day Menage A Trois,Scarlett Alexis; Parker Ambrose; Octavia Red
22231,Shes Sweeter Than Candy - S45:E14,"Octavia Red -- @NubileFilms -- She's Sweeter Than Candy S45E15 -- 2023-10-09 [1080p, x265].mp4",Nubile Films,Western,28,Season/Episode,S45:E14,Shes Sweeter Than Candy,Jay Romero; Octavia Red
22226,What Are Neighbors For - S18:E7,[NFBusty] Octavia Red - What Are Neighbors For - 1080p HEVC x265 (April.06.2023).mp4,NF Busty,Western,30,Season/Episode,S18:E7,What Are Neighbors For,Nathan Bronson; Octavia Red
22214,"Naoki Yamamoto 40th Anniversary Work Part 2: Is This Lewd Conduct? / From the Cage of Sex Toys — Yui Tenma, Akari Minase",MUDR-326.mp4,無垢,Western,135,Part,Part 2,"Naoki Yamamoto 40th Anniversary Work : Is This Lewd Conduct? / From the Cage of Sex Toys — Yui Tenma, Akari Minase",上川星空; 皆瀬あかり
22207,"Deal With It, Part 1: From the Back Seat to the Dressing Room",familystrokes.25.11.21.amber.summer.mp4,Family Strokes,Western,52,Part,Part 1,"Deal With It, : From the Back Seat to the Dressing Room",Jayden Marcos; Amber Summer
22205,#20-6 19yo Lulu Chu Chinese Asian Hottie Makes Homemade Creampie Sex Tape,Jay Bank Presents_20-6-Chinese-Asian-Teen-Creampie.mp4,Jay Bank Presents,Western,48,Numbered,#20,6 19yo Lulu Chu Chinese Asian Hottie Makes Homemade Creampie Sex Tape,Lulu Chu; Jay Bank
22178,Raw - Episode 2,DigitalPlayground 2025-11-13 Anna Claire Clouds Roxie Sinner.mp4,Blockbuster,Western,41,Episode,Episode 2,Raw,Victor Ray; Roxie Sinner; Anna Claire Clouds
22143,Rampant Robbery Part 2: Sex Crazed Veronica Leal And Leya Desantis Enjoy A DP Gangbang With Trio Of Thieves,Veronica Leal & Leya Desantis - Rampant Robbery Part 2 Bi Besties Veronica Leal And Leya Desantis Take A DP Drilling From Trio Of Robbers GP3342 (20.11.2025)_1080p.mp4,Porn World,Western,27,Part,Part 2,Rampant Robbery : Sex Crazed Veronica Leal And Leya Desantis Enjoy A DP Gangbang With Trio Of Thieves,David Perry; Veronica Leal; Leya Desantis; Francis_x; Emmanuel Torquemada
22140,Raw - Episode 1,DigitalPlayground 2025-11-05 Anna Claire Clouds.mp4,Blockbuster,Western,36,Episode,Episode 1,Raw,Isiah Maxwell; Anna Claire Clouds
21612,My First Threesome - S9:E7,Adria Rae brattysis.com.mp4,Bratty Sis,Western,37,Season/Episode,S9:E7,My First Threesome,Lucas Frost; Adria Rae; Kristen Scott
21609,You Made My Dick Hard - S17:E1,aliwili1080p.x265.mp4,Bratty Sis,Western,34,Season/Episode,S17:E1,You Made My Dick Hard,Alicia Williams; Jay Rock
21607,REAL 19yo Teen All Natural Creampie Scene #20-11,Jay Bank Presents_REAL-19yo-Teen-All-Natural-Creampie-Scene-20-11.mp4,Jay Bank Presents,Western,73,Numbered,#20,REAL 19yo Teen All Natural Creampie Scene -11,Alicia Williams; Jay Bank
21602,Whose Butt Is Better - S17:E10,stepsiblingscaught.21.07.13.alicia.williams.jazmin.luv.x265.mp4,Step Siblings Caught,Western,34,Season/Episode,S17:E10,Whose Butt Is Better,Alicia Williams; Quinton James; Jazmin Luv
21590,Eat Me Until I Cum Stepbro - S38:E10,BrattySis.25.11.07.Isabella.Jules.Eat.Me.Until.I.Cum.Stepbro.XXX.1080p.HEVC.x265.PRT.mp4,Bratty Sis,Western,35,Season/Episode,S38:E10,Eat Me Until I Cum Stepbro,Ethan Seeks; Isabella Jules
21576,Getting Our Fill On Thanksgiving - S49:E17,NubileFilms 2025-11-10 Christina Sage Kathryn Mae.mp4,Nubile Films,Western,32,Season/Episode,S49:E17,Getting Our Fill On Thanksgiving,Nathan Bronson; Robby Apples; Christina Sage; Kathryn Mae
21570,,[Fansly] Dolly X - Asian Piss Slut Creampied - 1080p - x265.mp4,,Western,38,Roman,X,[Fansly] Dolly  - Asian Piss Slut Creampied - 1080p - x265.mp4,
21567,Ill Show You How To Suck A Cock - S30:E7,NubilesPorn 2025-11-11 Della Cate Lola Valentine.mp4,Step Siblings Caught,Western,26,Season/Episode,S30:E7,Ill Show You How To Suck A Cock,Della Cate; Sage Roux; Lola Valentine
21243,The Surrogate Vol 1 E3,"Harmony Wonder, Reagan Foxx - The Surrogate Vol 1 E3 [1080p].mp4",Hell,Western,23,Volume,Vol 1,The Surrogate  E3,Reagan Foxx; Jay Smooth; Harmony Wonder
21241,Sister Wants Brothers Virginity - S11:E8,ssc.19.12.08.sister.wants.brothers.virginity.mp4,Step Siblings Caught,Western,32,Season/Episode,S11:E8,Sister Wants Brothers Virginity,Rion King; Jewelz Blu; Mackenzie Moss
21238,Sweet Eighteen - S9:E8,"[BrattySis] Harmony Wonder, Lexi Lore - Sweet Eighteen.mp4",Bratty Sis,Western,36,Season/Episode,S9:E8,Sweet Eighteen,Rion King; Harmony Wonder; Lexi Lore
21237,Harmony Wonder & Lexi Lore - Love Potion: Part 2,Harmony_Lexi_LP2.mp4,Mind Under Master,Western,51,Part,Part 2,Harmony Wonder & Lexi Lore - Love Potion,Harmony Wonder; Lexi Lore
21234,Role of Her Life 3 - Part 1,[PKF Studios] Harmony Wonder - Role of Her Life 3 Part 1.mp4,PKF Studios,Western,37,Part,Part 1,Role of Her Life 3,Harmony Wonder
21235,Role of Her Life 3 - Part 2,[PKF Studios] Harmony Wonder - Role of Her Life 3 Part 2.mp4,PKF Studios,Western,40,Part,Part 2,Role of Her Life 3,Harmony Wonder
21024,Thanksgiving Cum For My Stepsis And Her Friend - S6:E9,NubilesPorn 2025-11-13 Isabella Jules Lulu Chu.mp4,Cum Swapping Sis,Western,23,Season/Episode,S6:E9,Thanksgiving Cum For My Stepsis And Her Friend,Parker Ambrose; Lulu Chu; Isabella Jules
20564,,sexy hippies 2nd mmf threesome part 2 1 more cumshot.mp4,,Western,20,Part,part 2,sexy hippies 2nd mmf threesome  1 more cumshot.mp4,
20539,Gen ZZ: Part 3,Brazzers 2025-11-08 Melody Marks Beca Barbie.mp4,Brazzers Exxtra,Western,34,Part,Part 3,Gen ZZ,Logan Xander; David Lee; Derek Savage; Melody Marks; Jazmin Luv
20536,Gen ZZ: Part 2,Brazzers 2025-11-05 Liz Jordan.mp4,Brazzers Exxtra,Western,29,Part,Part 2,Gen ZZ,Mick Blue; Liz Jordan
20524,We Swap Our Busty Vampire Stepmoms - S2:E6,MomLover 2023-08-24 Cassie Del Isla Lauren Phillips.mp4,Mom Swapped,Western,30,Season/Episode,S2:E6,We Swap Our Busty Vampire Stepmoms,Juan El Caballo Loco; Ricky Spanish; Cassie Del Isla; Lauren Phillips
20508,Swap Son Becomes A Man - S9:E10,NubilesPorn 2024-12-06 Alexis Malone Renee Rose.mp4,Family Swap,Western,32,Season/Episode,S9:E10,Swap Son Becomes A Man,Jay Romero; Will Pounder; Renee Rose; Alexis Malone
20509,What Is My Stepbrother Good For - S25:E5,NubilesPorn 2024-01-08 Renee Rose Venus Vixen.mp4,Step Siblings Caught,Western,31,Season/Episode,S25:E5,What Is My Stepbrother Good For,Venus Vixen; Renee Rose; Chris Lockwood
20501,We Decided To Let You Fuck Us - S33:E12,BrattySis 2024-09-27 Megan Marx Renee Rose.mp4,Bratty Sis,Western,34,Season/Episode,S33:E12,We Decided To Let You Fuck Us,Megan Marx; Renee Rose; Ricky Spanish
20488,,[WAAA-117] - Scene 2 (BG) - Kana_Yume.mp4,,Western,48,Scene,Scene 2,[WAAA-117] -  (BG) - Kana_Yume.mp4,
20489,,[WAAA-117] - Scene 3 (BJ) - Kana_Yume.mp4,,Western,18,Scene,Scene 3,[WAAA-117] -  (BJ) - Kana_Yume.mp4,
20490,,[WAAA-117] - Scene 4 (BBG) - Kana_Yume.mp4,,Western,37,Scene,Scene 4,[WAAA-117] -  (BBG) - Kana_Yume.mp4,
20491,,[WAAA-117] - Scene 5 (BBBG) - Kana_Yume.mp4,,Western,52,Scene,Scene 5,[WAAA-117] -  (BBBG) - Kana_Yume.mp4,
20437,"Sep. 26, 2025",[Cumpsters] Ivy Steele - 2nd visit (2025.09.26) [2160p].mp4,Cumpsters,Western,26,Episode,ep. 26,"S, 2025",Ivy Steele
20294,Kagachi-sama Onagusame Tatematsurimasu: Netorare Mura Inya Hanashi The Animation - 1,Kagachi-sama Onagusame Tatematsurimasu Netorare Mura Inya Hanashi The Animation - 01 [2160p-HEVC][hstream.moe].mkv,Pink Pineapple,Anime,25,Numbered, - 1,Kagachi-sama Onagusame Tatematsurimasu: Netorare Mura Inya Hanashi The Animation,
19646,Dropout - 2,Dropout - 02 [1080p-HEVC][48fps][hstream.moe].mkv,Edge,Anime,16,Numbered, - 2,Dropout,
19645,Dropout - 1,Dropout - 01 [1080p-HEVC][48fps][hstream.moe].mkv,Edge,Anime,18,Numbered, - 1,Dropout,
19323,LEGENDARY ORGY VOL. 1,"Lena Paul, Kazumi Squirts, Arabelle Raphael, Queenie Sateen, Emma Magnolia - Legendary Orgy Vol. 1 (20.12.2022)_1080p.mp4",LegendaryX,Western,50,Volume,VOL. 1,LEGENDARY ORGY,Lena Paul; John Legendary; Emma Magnolia; Queenie Sateen; Kazumi Squirts
19307,,Legit Korean RMT Intern Gives In To Huge Cock 4th Appointment Part 2.mp4,,Western,17,Part,Part 2,Legit Korean RMT Intern Gives In To Huge Cock 4th Appointment .mp4,
19308,,Legit Korean RMT Intern Convinced and Gives In To Huge Cock - 5th Appointment Part 2.mp4,,Western,19,Part,Part 2,Legit Korean RMT Intern Convinced and Gives In To Huge Cock - 5th Appointment .mp4,
19310,,Legit Married Italian RMT Giving in to Monster Cock 2nd Appointment Part 2.MP4,,Western,24,Part,Part 2,Legit Married Italian RMT Giving in to Monster Cock 2nd Appointment .MP4,
19311,,Legit Married Italian RMT Giving in to Monster Cock 2nd Appointment Part 1.MP4,,Western,24,Part,Part 1,Legit Married Italian RMT Giving in to Monster Cock 2nd Appointment .MP4,
19312,,Legit Married Italian RMT Giving in to Monster Cock 1st Appointment Part 2.mp4,,Western,21,Part,Part 2,Legit Married Italian RMT Giving in to Monster Cock 1st Appointment .mp4,
19313,,Legit Married Italian RMT Giving in to Monster Cock 1st Appointment Part 1.mp4,,Western,24,Part,Part 1,Legit Married Italian RMT Giving in to Monster Cock 1st Appointment .mp4,
19314,,Legit RMT Korean Intern Gives In To Monster Asian Cock 1st Appointment Part 2.mp4,,Western,14,Part,Part 2,Legit RMT Korean Intern Gives In To Monster Asian Cock 1st Appointment .mp4,
19315,,Legit Vietnamese RMT Giving in to Asian Monster Cock 4th Appointment Part 1.mp4,,Western,15,Part,Part 1,Legit Vietnamese RMT Giving in to Asian Monster Cock 4th Appointment .mp4,
19316,,Legit RMT Korean Intern Gives Into Huge Cock 2nd Appointment Part 2.mp4,,Western,19,Part,Part 2,Legit RMT Korean Intern Gives Into Huge Cock 2nd Appointment .mp4,
19317,,Legit Vietnamese RMT Giving in to Asian Monster Cock 4th Appointment Part 2.mp4,,Western,14,Part,Part 2,Legit Vietnamese RMT Giving in to Asian Monster Cock 4th Appointment .mp4,
19318,,Legit Vietnamese RMT Giving in to Asian Monster Cock 6th Appointment Part 2.mp4,,Western,22,Part,Part 2,Legit Vietnamese RMT Giving in to Asian Monster Cock 6th Appointment .mp4,
19319,,Legit Vietnamese RMT Giving in to Perfect Monster Cock 2nd Appointment Part 1.mp4,,Western,20,Part,Part 1,Legit Vietnamese RMT Giving in to Perfect Monster Cock 2nd Appointment .mp4,
19320,,Legit Vietnamese RMT Giving in to Perfect Monster Cock 2nd Appointment Part 2.mp4,,Western,15,Part,Part 2,Legit Vietnamese RMT Giving in to Perfect Monster Cock 2nd Appointment .mp4,
19321,,Legit Vietnamese RMT Giving in to Perfect Monster Cock 3rd Appointment Part 1.mp4,,Western,15,Part,Part 1,Legit Vietnamese RMT Giving in to Perfect Monster Cock 3rd Appointment .mp4,
19322,,Legit Vietnamese RMT Giving in to Perfect Monster Cock 3rd Appointment Part 2.mp4,,Western,26,Part,Part 2,Legit Vietnamese RMT Giving in to Perfect Monster Cock 3rd Appointment .mp4,
19267,Futei with... The Animation - 1,Futei with... The Animation - 01 [1080p-HEVC][48fps][hstream.moe].mkv,Pink Pineapple,Anime,27,Numbered, - 1,Futei with... The Animation,
19266,Gakuen Shimai - 1,Gakuen Shimai - 01 [1080p-HEVC][48fps][hstream.moe].mkv,MediaBank,Anime,29,Numbered, - 1,Gakuen Shimai,
19268,Gakuen Shimai - 2,Gakuen Shimai - 02 [1080p-HEVC][48fps][hstream.moe].mkv,MediaBank,Anime,29,Numbered, - 2,Gakuen Shimai,
19271,Ikusa Otome Suvia - 1,Ikusa Otome Suvia - 01 [1080p-HEVC][48fps][hstream.moe].mkv,Pixy Soft,Anime,26,Numbered, - 1,Ikusa Otome Suvia,
19269,Ikusa Otome Suvia - 2,Ikusa Otome Suvia - 02 [1080p-HEVC][48fps][hstream.moe].mkv,Pixy Soft,Anime,26,Numbered, - 2,Ikusa Otome Suvia,
19270,Ikusa Otome Suvia - 3,Ikusa Otome Suvia - 03 [1080p-HEVC][48fps][hstream.moe].mkv,Pixy Soft,Anime,28,Numbered, - 3,Ikusa Otome Suvia,
19272,Ikusa Otome Suvia - 4,Ikusa Otome Suvia - 04 [1080p-HEVC][48fps][hstream.moe].mkv,Suzuki Mirano,Anime,28,Numbered, - 4,Ikusa Otome Suvia,
19273,Isekai Yarisaa - 1,Isekai Yarisaa - 01 [1080p-HEVC][48fps][hstream.moe].mkv,Antechinus,Anime,16,Numbered, - 1,Isekai Yarisaa,
19274,Isekai Yarisaa - 2,Isekai Yarisaa - 02 [1080p-HEVC][48fps][hstream.moe].mkv,Antechinus,Anime,16,Numbered, - 2,Isekai Yarisaa,
19275,Jutaijima - 1,Jutaijima - 01 [1080p-HEVC][hstream.moe].mkv,T-Rex,Anime,15,Numbered, - 1,Jutaijima,
19276,Jutaijima - 2,Jutaijima - 02 [1080p-HEVC][hstream.moe].mkv,T-Rex,Anime,15,Numbered, - 2,Jutaijima,
19277,Otome Dori - 1,Otome Dori - 01 [1080p-HEVC][48fps][hstream.moe].mkv,Mary Jane,Anime,20,Numbered, - 1,Otome Dori,
19278,Otome Dori - 2,Otome Dori - 02 [1080p-HEVC][48fps][hstream.moe].mkv,Mary Jane,Anime,20,Numbered, - 2,Otome Dori,
19279,Rinkan Club - 1,Rinkan Club - 01 [1080p-HEVC][hstream.moe].mkv,Pixy Soft,Anime,28,Numbered, - 1,Rinkan Club,
19280,Rinkan Club - 2,Rinkan Club - 02 [1080p-HEVC][hstream.moe].mkv,Pixy Soft,Anime,29,Numbered, - 2,Rinkan Club,
19281,Rinkan Club - 3,Rinkan Club - 03 [1080p-HEVC][hstream.moe].mkv,Pixy Soft,Anime,28,Numbered, - 3,Rinkan Club,
19282,Rinkan Club - 4,Rinkan Club - 04 [1080p-HEVC][hstream.moe].mkv,Pixy Soft,Anime,27,Numbered, - 4,Rinkan Club,
19288,Tinderbox - 1,Tinderbox - 01 [1080p-HEVC][hstream.moe].mkv,Queen Bee,Anime,19,Numbered, - 1,Tinderbox,
19285,Tinderbox - 2,Tinderbox - 02 [1080p-HEVC][hstream.moe].mkv,Queen Bee,Anime,21,Numbered, - 2,Tinderbox,
19287,Toriko no Shizuku: Natsu no Gouka Kyakusen de Kegasareru Otome-tachi - 1,Toriko no Shizuku Natsu no Gouka Kyakusen de Kegasareru Otome-tachi - 01 [1080p-HEVC][hstream.moe].mkv,MediaBank,Anime,26,Numbered, - 1,Toriko no Shizuku: Natsu no Gouka Kyakusen de Kegasareru Otome-tachi,
19286,Toriko no Shizuku: Natsu no Gouka Kyakusen de Kegasareru Otome-tachi - 2,Toriko no Shizuku Natsu no Gouka Kyakusen de Kegasareru Otome-tachi - 02 [1080p-HEVC][hstream.moe].mkv,MediaBank,Anime,25,Numbered, - 2,Toriko no Shizuku: Natsu no Gouka Kyakusen de Kegasareru Otome-tachi,
19289,Uchuu Kaizoku Sara - 1,Uchuu Kaizoku Sara - 01 [1080p-HEVC][hstream.moe].mkv,Pixy,Anime,26,Numbered, - 1,Uchuu Kaizoku Sara,
19290,Uchuu Kaizoku Sara - 2,Uchuu Kaizoku Sara - 02 [1080p-HEVC][hstream.moe].mkv,Pixy,Anime,29,Numbered, - 2,Uchuu Kaizoku Sara,
19291,Uchuu Kaizoku Sara - 3,Uchuu Kaizoku Sara - 03 [1080p-HEVC][hstream.moe].mkv,Pixy,Anime,26,Numbered, - 3,Uchuu Kaizoku Sara,
19292,Uchuu Kaizoku Sara - 4,Uchuu Kaizoku Sara - 04 [1080p-HEVC][hstream.moe].mkv,Pixy,Anime,26,Numbered, - 4,Uchuu Kaizoku Sara,
19258,Renketsu Houshiki - 1,Renketsu Houshiki - 01 [1080p-HEVC][hstream.moe].mkv,Suzuki Mirano,Anime,27,Numbered, - 1,Renketsu Houshiki,
19259,Renketsu Houshiki - 2,Renketsu Houshiki - 02 [1080p-HEVC][hstream.moe].mkv,Suzuki Mirano,Anime,27,Numbered, - 2,Renketsu Houshiki,
19260,Renketsu Houshiki - 3,Renketsu Houshiki - 03 [1080p-HEVC][hstream.moe].mkv,Suzuki Mirano,Anime,26,Numbered, - 3,Renketsu Houshiki,
19261,Toriko Hime Hakudaku Mamire no Reijou - 1,Toriko Hime Hakudaku Mamire no Reijou - 01 [1080p-HEVC][48fps][hstream.moe].mkv,Suzuki Mirano,Anime,30,Numbered, - 1,Toriko Hime Hakudaku Mamire no Reijou,
19262,Toriko Hime Hakudaku Mamire no Reijou - 2,Toriko Hime Hakudaku Mamire no Reijou - 02 [1080p-HEVC][48fps][hstream.moe].mkv,Suzuki Mirano,Anime,29,Numbered, - 2,Toriko Hime Hakudaku Mamire no Reijou,
19263,Yabai! Fukushuu Yami Site - 1,Yabai! Fukushuu Yami Site - 01 [1080p-HEVC][48fps][hstream.moe].mkv,Suzuki Mirano,Anime,29,Numbered, - 1,Yabai! Fukushuu Yami Site,
19264,Yabai! Fukushuu Yami Site - 2,Yabai! Fukushuu Yami Site - 02 [1080p-HEVC][48fps][hstream.moe].mkv,Suzuki Mirano,Anime,30,Numbered, - 2,Yabai! Fukushuu Yami Site,
19250,Euphoria - 1,Euphoria - 01 [1080p-HEVC][48fps][hstream.moe].mkv,Magin Label,Anime,29,Numbered, - 1,Euphoria,
19251,Euphoria - 2,Euphoria - 02 [1080p-HEVC][48fps][hstream.moe].mkv,Magin Label,Anime,29,Numbered, - 2,Euphoria,
19252,Euphoria - 3,Euphoria - 03 [1080p-HEVC][48fps][hstream.moe].mkv,Magin Label,Anime,29,Numbered, - 3,Euphoria,
19253,Euphoria - 4,Euphoria - 04 [1080p-HEVC][48fps][hstream.moe].mkv,Magin Label,Anime,29,Numbered, - 4,Euphoria,
19254,Euphoria - 5,Euphoria - 05 [1080p-HEVC][48fps][hstream.moe][v2].mkv,Magin Label,Anime,30,Numbered, - 5,Euphoria,
19255,Euphoria - 6,Euphoria - 06 [1080p-HEVC][48fps][hstream.moe][v2].mkv,Magin Label,Anime,30,Numbered, - 6,Euphoria,
19249,Kuro Ai Hitoyozumakan Inkou Rannyuuroku - 1,Kuro Ai Hitoyozumakan Inkou Rannyuuroku - 01 [2160p-HEVC][hstream.moe].mkv,Green Bunny,Anime,28,Numbered, - 1,Kuro Ai Hitoyozumakan Inkou Rannyuuroku,
19227,Kanojo ga Mimai ni Konai Wake - 1,Kanojo ga Mimai ni Konai Wake - 01 [1080p-HEVC][hstream.moe].mkv,T-Rex,Anime,27,Numbered, - 1,Kanojo ga Mimai ni Konai Wake,
19229,Kanojo ga Mimai ni Konai Wake - 2,Kanojo ga Mimai ni Konai Wake - 02 [1080p-HEVC][hstream.moe].mkv,T-Rex,Anime,27,Numbered, - 2,Kanojo ga Mimai ni Konai Wake,
19228,Kanojo ga Mimai ni Konai Wake - 3,Kanojo ga Mimai ni Konai Wake - 03 [1080p-HEVC][hstream.moe].mkv,T-Rex,Anime,27,Numbered, - 3,Kanojo ga Mimai ni Konai Wake,
19230,Koukai Benjo The Animation - 1,Koukai Benjo The Animation - 01 [1080p-HEVC][48fps][hstream.moe].mkv,Pink Pineapple,Anime,26,Numbered, - 1,Koukai Benjo The Animation,
19231,Koukai Benjo The Animation - 2,Koukai Benjo The Animation - 02 [1080p-HEVC][48fps][hstream.moe].mkv,Pink Pineapple,Anime,26,Numbered, - 2,Koukai Benjo The Animation,
19232,Kuro Ai Hitoyozumakan Inkou Rannyuuroku - 2,Kuro Ai Hitoyozumakan Inkou Rannyuuroku - 02 [2160p-HEVC][hstream.moe].mkv,Green Bunny,Anime,25,Numbered, - 2,Kuro Ai Hitoyozumakan Inkou Rannyuuroku,
19233,Love Bitch: Yasashii Onna - 1,Love Bitch Yasashii Onna - 01 [2160p-HEVC][hstream.moe].mkv,MS Pictures,Anime,16,Numbered, - 1,Love Bitch: Yasashii Onna,
19234,Mesu Nochi Torare - 1,Mesu Nochi Torare - 01 [1080p-HEVC][48fps][hstream.moe].mkv,Mary Jane,Anime,14,Numbered, - 1,Mesu Nochi Torare,
19235,Mesu Nochi Torare - 2,Mesu Nochi Torare - 02 [1080p-HEVC][48fps][hstream.moe].mkv,Mary Jane,Anime,14,Numbered, - 2,Mesu Nochi Torare,
19236,Saimin Gakuen (2018) - 1,Saimin Gakuen (2018) - 01 [1080p-HEVC][48fps][hstream.moe].mkv,PoRO,Western,23,Numbered, - 1,Saimin Gakuen (2018),
19237,Saimin Gakuen (2018) - 2,Saimin Gakuen (2018) - 02 [1080p-HEVC][48fps][hstream.moe].mkv,PoRO,Western,24,Numbered, - 2,Saimin Gakuen (2018),
19239,Saimin Gakuen (2018) - 3,Saimin Gakuen (2018) - 03 [1080p-HEVC][48fps][hstream.moe].mkv,PoRO,Western,26,Numbered, - 3,Saimin Gakuen (2018),
19238,Saimin Gakuen (2018) - 4,Saimin Gakuen (2018) - 04 [1080p-HEVC][48fps][hstream.moe].mkv,PoRO,Western,24,Numbered, - 4,Saimin Gakuen (2018),
19240,Soredemo Tsuma wo Aishiteru 2 - 1,Soredemo Tsuma wo Aishiteru 2 - 01 [1080p-HEVC][48fps][hstream.moe][v2].mkv,T-Rex,Anime,15,Numbered, - 1,Soredemo Tsuma wo Aishiteru 2,
19241,Soredemo Tsuma wo Aishiteru 2 - 2,Soredemo Tsuma wo Aishiteru 2 - 02 [1080p-HEVC][48fps][hstream.moe][v2].mkv,T-Rex,Anime,16,Numbered, - 2,Soredemo Tsuma wo Aishiteru 2,
19204,Dainiji Ura Nyuugakushiken The Animation - 1,Dainiji Ura Nyuugakushiken The Animation - 01 [2160p-HEVC][hstream.moe][v2].mkv,MS Pictures,Anime,18,Numbered, - 1,Dainiji Ura Nyuugakushiken The Animation,
19203,Gakuen no Ikenie: Nagusami Mono to Kashita Kyonyuu Furyou Shoujo - 1,Gakuen no Ikenie Nagusami Mono to Kashita Kyonyuu Furyou Shoujo - 01 [1080p-HEVC][48fps][hstream.moe].mkv,Pink Pineapple,Anime,27,Numbered, - 1,Gakuen no Ikenie: Nagusami Mono to Kashita Kyonyuu Furyou Shoujo,
19207,Helter Skelter: Hakudaku no Mura - 1,Helter Skelter - 01 [1080p-HEVC][48fps][hstream.moe].mkv,Suzuki Mirano,Anime,29,Numbered, - 1,Helter Skelter: Hakudaku no Mura,
19206,Helter Skelter: Hakudaku no Mura - 2,Helter Skelter - 02 [1080p-HEVC][48fps][hstream.moe].mkv,Suzuki Mirano,Anime,28,Numbered, - 2,Helter Skelter: Hakudaku no Mura,
19205,Helter Skelter: Hakudaku no Mura - 3,Helter Skelter - 03 [1080p-HEVC][48fps][hstream.moe].mkv,Suzuki Mirano,Anime,27,Numbered, - 3,Helter Skelter: Hakudaku no Mura,
19211,Helter Skelter: Hakudaku no Mura - 4,Helter Skelter - 04 [1080p-HEVC][48fps][hstream.moe].mkv,Suzuki Mirano,Anime,29,Numbered, - 4,Helter Skelter: Hakudaku no Mura,
19212,Kansen: Inyoku no Rensa - 1,Kansen Inyoku no Rensa - 01 [1080p-HEVC][48fps][hstream.moe][v2].mkv,Suzuki Mirano,Anime,28,Numbered, - 1,Kansen: Inyoku no Rensa,
19208,Kansen: Inyoku no Rensa - 2,Kansen Inyoku no Rensa - 02 [1080p-HEVC][48fps][hstream.moe][v2].mkv,Suzuki Mirano,Anime,28,Numbered, - 2,Kansen: Inyoku no Rensa,
19213,Ran-Sem: Hakudaku Delmo Tsuma no Miira Tori - 1,Ran-Sem Hakudaku Delmo Tsuma no Miira Tori - 01 [1080p-HEVC][hstream.moe].mkv,Suzuki Mirano,Anime,29,Numbered, - 1,Ran-Sem: Hakudaku Delmo Tsuma no Miira Tori,
19216,Ran-Sem: Hakudaku Delmo Tsuma no Miira Tori - 2,Ran-Sem Hakudaku Delmo Tsuma no Miira Tori - 02 [1080p-HEVC][hstream.moe].mkv,Suzuki Mirano,Anime,29,Numbered, - 2,Ran-Sem: Hakudaku Delmo Tsuma no Miira Tori,
19217,Resort Boin - 1,Resort Boin - 01 [2160p-HEVC][hstream.moe].mkv,MS Pictures,Anime,28,Numbered, - 1,Resort Boin,
19218,Resort Boin - 2,Resort Boin - 02 [2160p-HEVC][hstream.moe].mkv,MS Pictures,Anime,30,Numbered, - 2,Resort Boin,
19220,Resort Boin - 3,Resort Boin - 03 [2160p-HEVC][hstream.moe].mkv,MS Pictures,Anime,29,Numbered, - 3,Resort Boin,
19219,Rin x Sen + Ran - Sem Cross Mix - 1,Rin x Sen + Ran-Sem cross mix - 01 [1080p-HEVC][48fps][hstream.moe].mkv,Suzuki Mirano,Anime,29,Numbered, - 1,Rin x Sen + Ran - Sem Cross Mix,
19221,Rin x Sen + Ran - Sem Cross Mix - 2,Rin x Sen + Ran-Sem cross mix - 02 [1080p-HEVC][48fps][hstream.moe].mkv,Suzuki Mirano,Anime,29,Numbered, - 2,Rin x Sen + Ran - Sem Cross Mix,
19222,Rin x Sen: Hakudaku Onna Kyoushi to Yaroudomo - 1,Rin x Sen Hakudaku Onna Kyoushi to Yaroudomo - 01 [1080p-HEVC][hstream.moe].mkv,Suzuki Mirano,Anime,29,Numbered, - 1,Rin x Sen: Hakudaku Onna Kyoushi to Yaroudomo,
19223,Rin x Sen: Hakudaku Onna Kyoushi to Yaroudomo - 2,Rin x Sen Hakudaku Onna Kyoushi to Yaroudomo - 02 [1080p-HEVC][hstream.moe].mkv,Suzuki Mirano,Anime,29,Numbered, - 2,Rin x Sen: Hakudaku Onna Kyoushi to Yaroudomo,
19225,"Seiso de Majime na Kanojo ga, Saikyou Yaricir ni Kanyuu Saretara...? The Animation - 1","Seiso de Majime na Kanojo ga, Saikyou Yaricir ni Kanyuu Saretara... The Animation - 01 [2160p-HEVC][hstream.moe].mkv",Pink Pineapple,Anime,25,Numbered, - 1,"Seiso de Majime na Kanojo ga, Saikyou Yaricir ni Kanyuu Saretara...? The Animation",
19173,Saimin Seishidou - 5,Saimin Seishidou - 05 [1080p-HEVC][48fps][hstream.moe].mkv,Bunny Walker,Western,16,Numbered, - 5,Saimin Seishidou,
19172,Saimin Seishidou - 6,Saimin Seishidou - 06 [1080p-HEVC][48fps][hstream.moe].mkv,Bunnywalker,Anime,16,Numbered, - 6,Saimin Seishidou,
19176,Soredemo Tsuma wo Aishiteru - 1,Soredemo Tsuma wo Aishiteru - 01 [1080p-HEVC][48fps][hstream.moe].mkv,T-Rex,Anime,26,Numbered, - 1,Soredemo Tsuma wo Aishiteru,
19174,Soredemo Tsuma wo Aishiteru - 2,Soredemo Tsuma wo Aishiteru - 02 [1080p-HEVC][48fps][hstream.moe].mkv,T-Rex,Anime,28,Numbered, - 2,Soredemo Tsuma wo Aishiteru,
19175,Soredemo Tsuma wo Aishiteru - 3,Soredemo Tsuma wo Aishiteru - 03 [1080p-HEVC][48fps][hstream.moe].mkv,T-Rex,Anime,27,Numbered, - 3,Soredemo Tsuma wo Aishiteru,
19179,Tsuma Netori 3 Kairaku ni Ochita Injiru Kyoushi-tachi - 1,Tsuma Netori 3 Kairaku ni Ochita Injiru Kyoushi-tachi - 01 [1080p-HEVC][48fps][hstream.moe].mkv,ZIZ,Western,28,Numbered, - 1,Tsuma Netori 3 Kairaku ni Ochita Injiru Kyoushi-tachi,
19178,White Blue - 1,White Blue - 01 [1080p-HEVC][hstream.moe][v2].mkv,PoRO,Western,18,Numbered, - 1,White Blue,
19177,White Blue - 2,White Blue - 02 [1080p-HEVC][hstream.moe][v2].mkv,PoRO,Western,19,Numbered, - 2,White Blue,
19180,White Blue - 3,White Blue - 03 [1080p-HEVC][hstream.moe][v2].mkv,PoRO,Western,18,Numbered, - 3,White Blue,
19181,White Blue - 4,White Blue - 04 [1080p-HEVC][hstream.moe][v2].mkv,PoRO,Western,17,Numbered, - 4,White Blue,
19182,Yarimoku Beach ni Shuugakuryokou de!! The Animation - 1,Yarimoku Beach ni Shuugakuryokou de!! The Animation - 01 [1080p-HEVC][48fps][hstream.moe].mkv,Pink Pineapple,Anime,24,Numbered, - 1,Yarimoku Beach ni Shuugakuryokou de!! The Animation,
19185,Yumemiru Otome - 1,Yumemiru Otome - 01 [1080p-HEVC][48fps][hstream.moe].mkv,T-Rex,Anime,16,Numbered, - 1,Yumemiru Otome,
19187,Yumemiru Otome - 2,Yumemiru Otome - 02 [1080p-HEVC][48fps][hstream.moe].mkv,T-Rex,Anime,16,Numbered, - 2,Yumemiru Otome,
19183,Yumemiru Otome - 3,Yumemiru Otome - 03 [1080p-HEVC][48fps][hstream.moe].mkv,T-Rex,Anime,16,Numbered, - 3,Yumemiru Otome,
19184,Yuusha-chan no Bouken wa Owatteshimatta! - 1,Yuusha-chan no Bouken wa Owatteshimatta! - 01 [1080p-HEVC][48fps][hstream.moe].mkv,Magin Label,Anime,15,Numbered, - 1,Yuusha-chan no Bouken wa Owatteshimatta!,
19186,Yuusha-chan no Bouken wa Owatteshimatta! - 2,Yuusha-chan no Bouken wa Owatteshimatta! - 02 [1080p-HEVC][48fps][hstream.moe].mkv,Magin Label,Anime,15,Numbered, - 2,Yuusha-chan no Bouken wa Owatteshimatta!,
19188,Zoku Tsuma Netori Ikumi to Shizuka - 1,Zoku Tsuma Netori Ikumi to Shizuka - 01 [1080p-HEVC][48fps][hstream.moe].mkv,ZIZ,Western,30,Numbered, - 1,Zoku Tsuma Netori Ikumi to Shizuka,
19135,Akane wa Tsumare Somerareru - 1,Akane wa Tsumare Somerareru - 01 [1080p-HEVC][48fps][hstream.moe].mkv,Antechinus,Anime,16,Numbered, - 1,Akane wa Tsumare Somerareru,
19138,Akane wa Tsumare Somerareru - 2,Akane wa Tsumare Somerareru - 02 [1080p-HEVC][48fps][hstream.moe].mkv,Antechinus,Anime,16,Numbered, - 2,Akane wa Tsumare Somerareru,
19140,Dearest Blue - 1,Dearest Blue - 01 [1080p-HEVC][hstream.moe].mkv,PoRO,Western,23,Numbered, - 1,Dearest Blue,
19144,Dearest Blue - 2,Dearest Blue - 02 [1080p-HEVC][hstream.moe].mkv,PoRO,Western,25,Numbered, - 2,Dearest Blue,
19142,Dearest Blue - 3,Dearest Blue - 03 [1080p-HEVC][hstream.moe].mkv,PoRO,Western,26,Numbered, - 3,Dearest Blue,
19141,Fuuki Iin to Fuuzoku Katsudou - 1,Fuuki Iin to Fuuzoku Katsudou - 01 [1080p-HEVC][48fps][hstream.moe][v2].mkv,Bunnywalker,Anime,16,Numbered, - 1,Fuuki Iin to Fuuzoku Katsudou,
19145,Fuuki Iin to Fuuzoku Katsudou - 2,Fuuki Iin to Fuuzoku Katsudou - 02 [1080p-HEVC][48fps][hstream.moe][v2].mkv,Bunnywalker,Anime,16,Numbered, - 2,Fuuki Iin to Fuuzoku Katsudou,
19143,Himawari wa Yoru ni Saku - 1,Himawari wa Yoru ni Saku - 01 [1080p-HEVC][48fps][hstream.moe][v2].mkv,Antechinus,Anime,16,Numbered, - 1,Himawari wa Yoru ni Saku,
19146,Ijirare: Fukushuu Saimin - 1,Ijirare Fukushuu Saimin - 01 [1080p-HEVC][48fps][hstream.moe].mkv,Bunny Walker,Western,16,Numbered, - 1,Ijirare: Fukushuu Saimin,
19147,Ijirare: Fukushuu Saimin - 2,Ijirare Fukushuu Saimin - 02 [1080p-HEVC][48fps][hstream.moe].mkv,Bunny Walker,Western,16,Numbered, - 2,Ijirare: Fukushuu Saimin,
19149,Ijirare: Fukushuu Saimin - 3,Ijirare Fukushuu Saimin - 03 [1080p-HEVC][48fps][hstream.moe].mkv,Bunny Walker,Western,15,Numbered, - 3,Ijirare: Fukushuu Saimin,
19148,Ijirare: Fukushuu Saimin - 4,Ijirare Fukushuu Saimin - 04 [1080p-HEVC][48fps][hstream.moe].mkv,Bunny Walker,Western,16,Numbered, - 4,Ijirare: Fukushuu Saimin,
19155,Imaria - 1,ImaRia - 01 [1080p-HEVC][48fps][hstream.moe][v2].mkv,Antechinus,Anime,16,Numbered, - 1,Imaria,
19150,Imaria - 2,ImaRia - 02 [1080p-HEVC][48fps][hstream.moe][v2].mkv,Lune Pictures,Western,16,Numbered, - 2,Imaria,
19156,Imaria - 3,ImaRia - 03 [1080p-HEVC][48fps][hstream.moe].mkv,Antechinus,Anime,16,Numbered, - 3,Imaria,
19151,Imaria - 4,ImaRia - 04 [1080p-HEVC][48fps][hstream.moe].mkv,Lune Pictures,Western,16,Numbered, - 4,Imaria,
19152,Imaria - 5,ImaRia - 05 [1080p-HEVC][48fps][hstream.moe].mkv,Lune Pictures,Western,16,Numbered, - 5,Imaria,
19157,Imaria - 6,ImaRia - 06 [1080p-HEVC][48fps][hstream.moe].mkv,Lune Pictures,Western,16,Numbered, - 6,Imaria,
19153,Kagirohi Shaku Kei - 1,Kagirohi Shaku Kei - 01 [1080p-HEVC][48fps][hstream.moe].mkv,PoRO,Western,27,Numbered, - 1,Kagirohi Shaku Kei,
19154,Kagirohi Shaku Kei - 2,Kagirohi Shaku Kei - 02 [1080p-HEVC][48fps][hstream.moe].mkv,PoRO,Western,30,Numbered, - 2,Kagirohi Shaku Kei,
19160,Kyouhaku Owaranai Ashita - 1,Kyouhaku Owaranai Ashita - 01 [1080p-HEVC][48fps][hstream.moe].mkv,Pink Pineapple,Anime,29,Numbered, - 1,Kyouhaku Owaranai Ashita,
19159,Kyouhaku Owaranai Ashita - 2,Kyouhaku Owaranai Ashita - 02 [1080p-HEVC][48fps][hstream.moe].mkv,Pink Pineapple,Anime,28,Numbered, - 2,Kyouhaku Owaranai Ashita,
19158,Kyouhaku Owaranai Ashita - 3,Kyouhaku Owaranai Ashita - 03 [1080p-HEVC][48fps][hstream.moe].mkv,Pink Pineapple,Anime,29,Numbered, - 3,Kyouhaku Owaranai Ashita,
19164,Midareuchi - 1,Midareuchi - 01 [1080p-HEVC][48fps][hstream.moe].mkv,T-Rex,Anime,16,Numbered, - 1,Midareuchi,
19162,Midareuchi - 2,Midareuchi - 02 [1080p-HEVC][48fps][hstream.moe].mkv,T-Rex,Anime,16,Numbered, - 2,Midareuchi,
19161,Nikuen - 1,Nikuen - 01 [1080p-HEVC][48fps][hstream.moe].mkv,Queen Bee,Anime,20,Numbered, - 1,Nikuen,
19163,Nikuen - 2,Nikuen - 02 [1080p-HEVC][48fps][hstream.moe].mkv,Queen Bee,Anime,18,Numbered, - 2,Nikuen,
19166,Reunion - 1,Reunion - 01 [1080p-HEVC][48fps][hstream.moe][v2].mkv,PoRO,Western,28,Numbered, - 1,Reunion,
19167,Reunion - 2,Reunion - 02 [1080p-HEVC][48fps][hstream.moe][v2].mkv,PoRO,Western,28,Numbered, - 2,Reunion,
19165,Saimin Seishidou - 1,Saimin Seishidou - 01 [1080p-HEVC][48fps][hstream.moe].mkv,Bunny Walker,Western,16,Numbered, - 1,Saimin Seishidou,
19168,Saimin Seishidou - 2,Saimin Seishidou - 02 [1080p-HEVC][48fps][hstream.moe].mkv,Bunny Walker,Western,16,Numbered, - 2,Saimin Seishidou,
19169,Saimin Seishidou - 3,Saimin Seishidou - 03 [1080p-HEVC][48fps][hstream.moe].mkv,Bunny Walker,Western,16,Numbered, - 3,Saimin Seishidou,
19170,Saimin Seishidou - 4,Saimin Seishidou - 04 [1080p-HEVC][48fps][hstream.moe].mkv,Bunny Walker,Western,16,Numbered, - 4,Saimin Seishidou,
19122,Sakusei Byoutou The Animation - 4,Sakusei Byoutou The Animation - 04 [1080p-HEVC][48fps][hstream.moe].mkv,Pink Pineapple,Anime,16,Numbered, - 4,Sakusei Byoutou The Animation,
19123,Sakusei Byoutou The Animation - 7,Sakusei Byoutou The Animation - 07 [1080p-HEVC][48fps][hstream.moe].mkv,Pink Pineapple,Anime,16,Numbered, - 7,Sakusei Byoutou The Animation,
19124,Sakusei Byoutou The Animation - 8,Sakusei Byoutou The Animation - 08 [1080p-HEVC][48fps][hstream.moe].mkv,Pink Pineapple,Anime,17,Numbered, - 8,Sakusei Byoutou The Animation,
19126,Sakusei Byoutou The Animation - 9,Sakusei Byoutou The Animation - 09 [1080p-HEVC][48fps][hstream.moe].mkv,Pink Pineapple,Anime,17,Numbered, - 9,Sakusei Byoutou The Animation,
19127,Sakusei Byoutou The Animation - 10,Sakusei Byoutou The Animation - 10 [1080p-HEVC][48fps][hstream.moe].mkv,Pink Pineapple,Anime,26,Numbered, - 10,Sakusei Byoutou The Animation,
19171,Sei Shoujo The Animation - 1,Sei Shoujo The Animation - 01 [1080p-HEVC][48fps][hstream.moe].mkv,Pink Pineapple,Anime,30,Numbered, - 1,Sei Shoujo The Animation,
19125,Shachiku Cinderella - 1,Shachiku Cinderella - 01 [1080p-HEVC][48fps][hstream.moe].mkv,nur,Western,23,Numbered, - 1,Shachiku Cinderella,
19128,Shinsei Kourin Dacryon Luna - 1,Shinsei Kourin Dacryon Luna - 01 [1080p-HEVC][48fps][hstream.moe].mkv,GOLD BEAR,Western,27,Numbered, - 1,Shinsei Kourin Dacryon Luna,
19130,Shinsei Kourin Dacryon Luna - 2,Shinsei Kourin Dacryon Luna - 02 [1080p-HEVC][48fps][hstream.moe].mkv,GOLD BEAR,Western,28,Numbered, - 2,Shinsei Kourin Dacryon Luna,
19131,Sister Breeder - 1,Sister Breeder - 01 [1080p-HEVC][48fps][hstream.moe].mkv,T-Rex,Anime,16,Numbered, - 1,Sister Breeder,
19129,Sister Breeder - 2,Sister Breeder - 02 [1080p-HEVC][48fps][hstream.moe].mkv,T-Rex,Anime,16,Numbered, - 2,Sister Breeder,
19132,Tonari no Kanojo - 1,Tonari no Kanojo - 01 [1080p-HEVC][48fps][hstream.moe].mkv,Antechinus,Anime,16,Numbered, - 1,Tonari no Kanojo,
19133,Yume Kui: Tsurumiku Shiki Game Seisaku - 1,Yume Kui Tsurumiku Shiki Game Seisaku - 01 [1080p-HEVC][48fps][hstream.moe].mkv,Suzuki Mirano,Anime,29,Numbered, - 1,Yume Kui: Tsurumiku Shiki Game Seisaku,
19134,Yume Kui: Tsurumiku Shiki Game Seisaku - 2,Yume Kui Tsurumiku Shiki Game Seisaku - 02 [1080p-HEVC][48fps][hstream.moe].mkv,Suzuki Mirano,Anime,28,Numbered, - 2,Yume Kui: Tsurumiku Shiki Game Seisaku,
19136,Yuusha-hime Miria - 3,Yuusha-hime Miria - 03 [1080p-HEVC][48fps][hstream.moe].mkv,Majin,Western,15,Numbered, - 3,Yuusha-hime Miria,
19081,"Akogare no Onna Joushi ga, Aibeya Shucchou no Tonari no Bed de Zetsurin Otoko ni Netorarete Iru - 1","Akogare no Onna Joushi ga, Aibeya Shucchou no Tonari no Bed de Zetsurin Otoko ni Netorarete Iru - 01 [1080p-HEVC][48fps][hstream.moe].mkv",Mary Jane,Anime,16,Numbered, - 1,"Akogare no Onna Joushi ga, Aibeya Shucchou no Tonari no Bed de Zetsurin Otoko ni Netorarete Iru",
19083,"Akogare no Onna Joushi ga, Aibeya Shucchou no Tonari no Bed de Zetsurin Otoko ni Netorarete Iru - 2","Akogare no Onna Joushi ga, Aibeya Shucchou no Tonari no Bed de Zetsurin Otoko ni Netorarete Iru - 02 [1080p-HEVC][48fps][hstream.moe].mkv",Mary Jane,Anime,15,Numbered, - 2,"Akogare no Onna Joushi ga, Aibeya Shucchou no Tonari no Bed de Zetsurin Otoko ni Netorarete Iru",
19078,Amai Ijiwaru - 1,Amai Ijiwaru - 01 [1080p-HEVC][48fps][hstream.moe].mkv,nur,Western,24,Numbered, - 1,Amai Ijiwaru,
19079,Amai Ijiwaru - 2,Amai Ijiwaru - 02 [1080p-HEVC][48fps][hstream.moe].mkv,nur,Western,24,Numbered, - 2,Amai Ijiwaru,
19086,Ero Konbini Tenchou - 1,Ero Konbini Tenchou - 01 [1080p-HEVC][48fps][hstream.moe].mkv,PoRO,Western,18,Numbered, - 1,Ero Konbini Tenchou,
19088,Ero Konbini Tenchou - 2,Ero Konbini Tenchou - 02 [1080p-HEVC][48fps][hstream.moe].mkv,PoRO,Western,17,Numbered, - 2,Ero Konbini Tenchou,
19087,Ero Konbini Tenchou - 3,Ero Konbini Tenchou - 03 [1080p-HEVC][48fps][hstream.moe].mkv,PoRO,Western,17,Numbered, - 3,Ero Konbini Tenchou,
19090,Ero Konbini Tenchou - 4,Ero Konbini Tenchou - 04 [1080p-HEVC][48fps][hstream.moe].mkv,PoRO,Western,17,Numbered, - 4,Ero Konbini Tenchou,
19089,Eroriman - 4,Eroriman - 04 [1080p-HEVC][48fps][hstream.moe].mkv,PoRO,Western,24,Numbered, - 4,Eroriman,
19091,Hametsu no Yuuwaku - 1,Hametsu no Yuuwaku - 01 [1080p-HEVC][48fps][hstream.moe].mkv,nur,Western,22,Numbered, - 1,Hametsu no Yuuwaku,
19092,Hametsu no Yuuwaku - 2,Hametsu no Yuuwaku - 02 [1080p-HEVC][48fps][hstream.moe].mkv,nur,Western,26,Numbered, - 2,Hametsu no Yuuwaku,
19095,Immoral Game Master The Animation - 1,Immoral Game Master The Animation - 01 [1080p-HEVC][48fps][hstream.moe][v2].mkv,Pink Pineapple,Anime,16,Numbered, - 1,Immoral Game Master The Animation,
19097,Immoral Game Master The Animation - 2,Immoral Game Master The Animation - 02 [1080p-HEVC][48fps][hstream.moe][v2].mkv,Pink Pineapple,Anime,17,Numbered, - 2,Immoral Game Master The Animation,
19101,Kuro Gal A La Carte - 1,Kuro Gal a La Carte - 01 [1080p-HEVC][48fps][hstream.moe].mkv,Queen Bee,Anime,19,Numbered, - 1,Kuro Gal A La Carte,
19102,Kuro Gal A La Carte - 2,Kuro Gal a La Carte - 02 [1080p-HEVC][48fps][hstream.moe].mkv,Queen Bee,Anime,18,Numbered, - 2,Kuro Gal A La Carte,
19104,Kyou wa Yubiwa o Hazusu kara...... - 1,Kyou wa Yubiwa o Hazusu kara...... - 01 [1080p-HEVC][48fps][hstream.moe].mkv,nur,Western,23,Numbered, - 1,Kyou wa Yubiwa o Hazusu kara......,
19105,Love Me: Kakurenbo The Animation - 1,Love Me Kakurenbo The Animation - 01 [1080p-HEVC][48fps][hstream.moe].mkv,Pink Pineapple,Anime,25,Numbered, - 1,Love Me: Kakurenbo The Animation,
19103,Mujin Eki The Animation - 1,Mujin Eki The Animation - 01 [1080p-HEVC][48fps][hstream.moe].mkv,T-Rex,Anime,16,Numbered, - 1,Mujin Eki The Animation,
19106,Mujin Eki The Animation - 2,Mujin Eki The Animation - 02 [1080p-HEVC][48fps][hstream.moe].mkv,T-Rex,Anime,17,Numbered, - 2,Mujin Eki The Animation,
19107,Netoraserare - 1,Netoraserare - 01 [1080p-HEVC][48fps][hstream.moe].mkv,Studio 9 Maiami,Western,18,Numbered, - 1,Netoraserare,
19110,Netoraserare - 2,Netoraserare - 02 [1080p-HEVC][48fps][hstream.moe].mkv,Studio 9 Maiami,Western,17,Numbered, - 2,Netoraserare,
19108,Notto Sexaroid Eurie! - 1,Notto Sexaroid Eurie! - 01 [1080p-HEVC][48fps][hstream.moe].mkv,Majin,Western,15,Numbered, - 1,Notto Sexaroid Eurie!,
19109,Notto Sexaroid Eurie! - 2,Notto Sexaroid Eurie! - 02 [1080p-HEVC][48fps][hstream.moe].mkv,Majin,Western,15,Numbered, - 2,Notto Sexaroid Eurie!,
19111,Princess Burst! - 1,Princess Burst! - 01 [1080p-HEVC][48fps][hstream.moe].mkv,Magin Label,Anime,15,Numbered, - 1,Princess Burst!,
19112,Princess Burst! - 2,Princess Burst! - 02 [1080p-HEVC][48fps][hstream.moe] (1).mkv,Majin,Western,15,Numbered, - 2,Princess Burst!,
19113,Pure Pure Pero Pero Princess - 1,Pure Pure Pero Pero Princess - 01 [1080p-HEVC][48fps][hstream.moe][v2].mkv,Juicy Mango,Western,16,Numbered, - 1,Pure Pure Pero Pero Princess,
19117,Pure Pure Pero Pero Princess - 2,Pure Pure Pero Pero Princess - 02 [1080p-HEVC][48fps][hstream.moe][v2].mkv,Juicy Mango,Western,16,Numbered, - 2,Pure Pure Pero Pero Princess,
19114,Rasen Sokou no Dystopia - 1,Rasen Sokou no Dystopia - 01 [1080p-HEVC][48fps][hstream.moe].mkv,PoRO,Western,30,Numbered, - 1,Rasen Sokou no Dystopia,
19115,Rasen Sokou no Dystopia - 2,Rasen Sokou no Dystopia - 02 [1080p-HEVC][48fps][hstream.moe].mkv,PoRO,Western,30,Numbered, - 2,Rasen Sokou no Dystopia,
19118,Sakusei Byoutou The Animation - 1,Sakusei Byoutou The Animation - 01 [1080p-HEVC][48fps][hstream.moe].mkv,Pink Pineapple,Anime,28,Numbered, - 1,Sakusei Byoutou The Animation,
19116,Sakusei Byoutou The Animation - 2,Sakusei Byoutou The Animation - 02 [1080p-HEVC][48fps][hstream.moe].mkv,Pink Pineapple,Anime,17,Numbered, - 2,Sakusei Byoutou The Animation,
19121,Sakusei Byoutou The Animation - 3,Sakusei Byoutou The Animation - 03 [1080p-HEVC][48fps][hstream.moe].mkv,Pink Pineapple,Anime,16,Numbered, - 3,Sakusei Byoutou The Animation,
19120,Sakusei Byoutou The Animation - 5,Sakusei Byoutou The Animation - 05 [1080p-HEVC][48fps][hstream.moe].mkv,Pink Pineapple,Anime,16,Numbered, - 5,Sakusei Byoutou The Animation,
19119,Sakusei Byoutou The Animation - 6,Sakusei Byoutou The Animation - 06 [1080p-HEVC][48fps][hstream.moe].mkv,Pink Pineapple,Anime,16,Numbered, - 6,Sakusei Byoutou The Animation,
19073,I Want A Girlfriend - S43:E28,nubilefilms.23.01.15.leana.lovings.and.molly.little.i.want.a.girlfriend.mp4,Nubile Films,Western,27,Season/Episode,S43:E28,I Want A Girlfriend,Jay Romero; Leana Lovings; Molly Little; Chad Alva
19070,Bird And The Bees - S6:E5,familyswap.22.12.26.molly.little.and.queenie.sateen.bird.and.the.bees.mp4,Family Swap,Western,30,Season/Episode,S6:E5,Bird And The Bees,Molly Little; Codey Steele; Danny Steele; Queenie Sateen
19071,Free Use Swap Sister - S6:E1,familyswap.22.09.30.brianna.bourbon.and.molly.little.free.use.swap.sister.mp4,Family Swap,Western,28,Season/Episode,S6:E1,Free Use Swap Sister,Clarke Kent; Molly Little; Ricky Spanish; Brianna Bourbon
19067,Stepmom Leaves Milk Out For Santa - S18:E9,[Moms Teach Sex] - 22.12.20 - Bunny Madison And Molly Little - Stepmom Leaves Milk Out For Santa 1080p.mp4,Moms Teach Sex,Western,22,Season/Episode,S18:E9,Stepmom Leaves Milk Out For Santa,Nade Nasty; Molly Little; Bunny Madison
19068,Stepmom Shows Us The Ins And Outs Of Valentines Day - S19:E1,[MomsTeachSex] Lauren Phillips & Molly Little - Stepmom Shows Us the Ins and Outs of Valentines Day - 1080p HEVC x265 (February.06.2023).mp4,Moms Teach Sex,Western,25,Season/Episode,S19:E1,Stepmom Shows Us The Ins And Outs Of Valentines Day,Molly Little; Codey Steele; Lauren Phillips
19066,Does Your Dick Have A Pulse - S2:E8,[Cum Swapping Sis] - 22.10.12 - Braylin Bailey And Molly Little - Does Your Dick Have A Pulse 1080p.mp4,Cum Swapping Sis,Western,25,Season/Episode,S2:E8,Does Your Dick Have A Pulse,Molly Little; Apollo Banks; Braylin Bailey
19064,Stepsis And Friend Need My Dick - S2:E5,[CumSwappingSis] Molly Little & Sera Ryder - Stepsis and Friend Need My Dick (September.18.2022).mp4,Cum Swapping Sis,Western,34,Season/Episode,S2:E5,Stepsis And Friend Need My Dick,Jay Romero; Molly Little; Sera Ryder
19062,We Can Build Her - Scene 1,WeCanBuildHer-Scene1_s01_RobbyApples_FreyaParker_1080p.mp4,Wicked,Western,29,Scene,Scene 1,We Can Build Her,Shawn Alff; Robby Apples; Freya Parker
19063,We Can Build Her - Scene 2,WeCanBuildHer-Scene2_s02_SethGamble_AlexisTae_1080p_h264.mp4,Wicked,Western,39,Scene,Scene 2,We Can Build Her,Alexis Tae; Molly Little; Seth Gamble; Shawn Alff
19061,We Can Build Her - Scene 3,WeCanBuildHer-Scene3_s03_EvelynClaire_NathanBronson_1080p_h264.mp4,Wicked,Western,41,Scene,Scene 3,We Can Build Her,Nathan Bronson; Shawn Alff; Melanie Marie; Evelyn Claire
19060,We Can Build Her - Scene 4,WeCanBuildHer-Scene4_s04_SethGamble_KylieRocket_1080p.mp4,Wicked,Western,43,Scene,Scene 4,We Can Build Her,Seth Gamble; Shawn Alff; Kylie Rocket
19053,How Far Can You Shoot Your Load Stepbrother - S20:E3,"Molly Little, Khloe Kapri -- @StepSiblingsCaught -- How Far Can You Shoot Your Load Stepbrother S20E3 -- 2022-05-09 [1080p].mp4",Step Siblings Caught,Western,23,Season/Episode,S20:E3,How Far Can You Shoot Your Load Stepbrother,Jay Romero; Khloe Kapri; Molly Little
19059,Naughty Or Nice We Are All Cumming This Christmas - S6:E4,Nubilesporn 2022-12-17 Molly Little Pristine Edge.mp4,Family Swap,Western,27,Season/Episode,S6:E4,Naughty Or Nice We Are All Cumming This Christmas,Molly Little; Ryan Driller; Pristine Edge; Ricky Spanish
19055,Stepmoms Hungry Pussy - S1:E9,Momlover 2022-12-02  Mandy Rhea Molly Little.mp4,Mom's Boy Toy,Western,24,Season/Episode,S1:E9,Stepmoms Hungry Pussy,Molly Little; Alex Mack; Mandy Rhea
19054,This Halloween My Stepsis Jumped My Bones - S24:E10,"Molly Little, Mia Kay -- @BrattySis -- This Halloween My Stepsis Jumped My Bones -- 2022-10-28.mp4",Bratty Sis,Western,24,Season/Episode,S24:E10,This Halloween My Stepsis Jumped My Bones,Nathan Bronson; Molly Little; Mia Kay
19057,Two Ghosts And One Stepbro - S27:E6,NubilesPorn 2024-10-10 Lana Smalls Molly Little.mp4,Step Siblings Caught,Western,33,Season/Episode,S27:E6,Two Ghosts And One Stepbro,Lana Smalls; Molly Little; Ricky Spanish
19058,Undies Made For Two - S6:E7,Nubilesporn 2023-01-22 Lauren Phillips Molly Little.mp4,Family Swap,Western,29,Season/Episode,S6:E7,Undies Made For Two,Charles Dera; Molly Little; Codey Steele; Lauren Phillips
19056,Wedding Planner - S2:E5,Momlover 2023-03-15 Molly Little Ophelia Kaan.mp4,Mom's Family Secrets,Western,26,Season/Episode,S2:E5,Wedding Planner,Molly Little; Tyler Cruise; Ophelia Kaan
19052,Two For One On Valentines Day - S3:E7,"Lulu Chu, Molly Little -- @CumSwappingSis -- Two For One On Valentines Day -- 2023-02-10.mp4",Cum Swapping Sis,Western,29,Season/Episode,S3:E7,Two For One On Valentines Day,Molly Little; Lulu Chu; Oliver Flynn
19050,My Stepsisters Ass In A Box - S25:E6,Brattysis 2022-12-23 Katie Kush Molly Little.mp4,Bratty Sis,Western,23,Season/Episode,S25:E6,My Stepsisters Ass In A Box,Jay Romero; Molly Little; Katie Kush
19051,Stepsisters Titties - S1:E10,cumswappingsis.22.06.25.britt.blair.and.molly.little.stepsisters.titties.mp4,Cum Swapping Sis,Western,33,Season/Episode,S1:E10,Stepsisters Titties,Nick Strokes; Molly Little; Britt Blair
19049,Tempting Fate - S8:E1,RealitySis.24.12.27.Chanel.Camryn.Molly.Little.And.Sawyer.Cassidy.Tempting.Fate.1080p.HEVC.x265.mp4,Reality Sis,Japanese,28,Season/Episode,S8:E1,Tempting Fate,Nathan Bronson; Molly Little; Ryan Driller; Chanel Camryn; Sawyer Cassidy
19047,Just Like College - S48:E28,nubilefilms.25.07.07.katie.kush.and.melody.marks.just.like.college.mp4,Nubile Films,Western,24,Season/Episode,S48:E28,Just Like College,Katie Kush; Robby Apples; Melody Marks
19045,Eden Ivy X Girthmasterr Anal Scene,[OnlyFans] Eden Ivy - 100% Anal with the GIRTHIEST cock 1080p.mp4,FansDB: Girthmasterr (onlyfans),Western,31,Roman,X,Eden Ivy  Girthmasterr Anal Scene,Eden Ivy; Girthmasterr
19041,Lets Gangbang My Stepsister - S1:E6,NubilesPorn 2023-11-02 Molly Little HEVC.mp4,Cheating Sis,Western,37,Season/Episode,S1:E6,Lets Gangbang My Stepsister,Rion King; Molly Little; Parker Ambrose; Anthony Pierce
19039,Gen ZZ: Part 1,[brazzers] Melody Marks And Daisy Pheonix Gen ZZ Part 1 [2160p].mp4,Brazzers Exxtra,Western,31,Part,Part 1,Gen ZZ,Victor Ray; Melody Marks; Daisy Phoenix
18141,,Asian Girls Orgy Onlyfans - Msbreewc x Imyujia x Djsakuraaaa x Draculin x Ohsofickle x Canigetalaserwhip x Macatdeme.mp4,,Western,22,Roman,x,Asian Girls Orgy Onlyfans - Msbreewc  Imyujia  Djsakuraaaa  Draculin  Ohsofickle  Canigetalaserwhip  Macatdeme.mp4,
18040,Camp Carnage - Part 2,dpg.25.10.30.chanel.camryn.and.addis.fouche.camp.carnage.part.2.mp4,Episodes,Western,36,Part,Part 2,Camp Carnage,Chanel Camryn; Derek Savage; Addis Fouché
17987,Camp Carnage - Part 1,DigitalPlayground 2025-10-23 Addison Vodka.mp4,Digital Playground Episodes,Western,33,Part,Part 1,Camp Carnage,Ricky Johnson; Addison Vodka
17316,Tempted Part 2,Vixen 2025-10-19 Ashley Aixi Joanna Wei.mp4,Vixen,Western,36,Part,Part 2,Tempted,Joanna Wei; Marco Bull; Ai Xi
17163,,"Agatha Vega, Ariana Van X -- @Blacked -- Invitation -- 2022-06-25 [1080p, x265].mp4",,Western,44,Roman,X,"Agatha Vega, Ariana Van  -- @Blacked -- Invitation -- 2022-06-25 [1080p, x265].mp4",
17133,Stepsis Was Only Supposed To Watch Us - S6:E8,NubilesPorn 2025-10-27 Emily Jade Khloe Kingsley.mp4,Cum Swapping Sis,Western,30,Season/Episode,S6:E8,Stepsis Was Only Supposed To Watch Us,Max Fills; Khloe Kingsley; Emily Jade
16437,Criminal Activity - Part 2,[DigitalPlayground] Brandy Salazar - Criminal Activity - Part 2 (2025-10-16) [1080p].mp4,Digital Playground Episodes,Western,29,Part,Part 2,Criminal Activity,Lucas Frost; brandy salazar
16436,Camp Carnage - Part 1,DigitalPlayground.25.10.23.Addison.Vodka.Camp.Carnage.Part.1.XXX.1080p.HEVC.x265.PRT.mp4,Digital Playground Episodes,Western,33,Part,Part 1,Camp Carnage,Ricky Johnson; Addison Vodka
16435,Criminal Activity - Part 1,Brandy Salazar (Criminal Activity - Part 1)1080p.mp4,Digital Playground Episodes,Western,33,Part,Part 1,Criminal Activity,J Mac; brandy salazar
16419,Would You Do It For A Swap Snack - S4:E1,FamilySwap.21.10.25.Aiden.Ashley.And.Hime.Marie.Would.You.Do.It.For.A.Swap.Snack.XXX.2160p.MP4-WRB.mp4,Family Swap,Western,20,Season/Episode,S4:E1,Would You Do It For A Swap Snack,Mike Mancini; Hime Marie; Kyle Mason; Aiden Ashley
16417,We Gave Stepbro Some Halloween Pussy - S38:E7,BrattySis_Lana Smalls & Molly Little - We Gave Stepbro Some Halloween Pussy_1080p.mp4,Bratty Sis,Western,29,Season/Episode,S38:E7,We Gave Stepbro Some Halloween Pussy,Lana Smalls; Molly Little; Victor Ray
16373,,[NaomiBobbaVIP] Nerdy Girl (Episode 1) [1080p].mp4,,Western,29,Episode,Episode 1,[NaomiBobbaVIP] Nerdy Girl () [1080p].mp4,
15408,The Halloween Jizz Games - S5:E2,momswapped.25.10.17.jessica.ryan.and.justine.jakobs.mp4,Mom Swapped,Western,23,Season/Episode,S5:E2,The Halloween Jizz Games,Parker Ambrose; Jessica Ryan; Justine Jakobs; Enzo East
15390,Lia's Big Stepfamily #2,roccosiffredi.23.10.07.candee.licious.and.ohana.petite.mp4,Rocco Siffredi,Western,34,Numbered,#2,Lia's Big Stepfamily,Vince Karter; Ohana Petite; Nikki Nuttz; Candee Licious
15389,Pool party Part 1,SummerSinners 13.12.2023 Pool Party Part 1 1080p.mp4,Summer Sinners,Western,20,Part,Part 1,Pool party,Ohana Petite; Melania Dark; Marta Villalobos; Valeria Fuentes
15384,The Halloween Slut Rule - S49:E12,NubileFilms 2025-10-13 Christina Sage Rose Caarter.mp4,Nubile Films,Western,40,Season/Episode,S49:E12,The Halloween Slut Rule,Victor Ray; Rose Carter; Christina Sage
15382,Queen Of Thrones: Part 3 (A XXX Parody),ZZSeries - Ayda Swinger and Romi Rain - 2017-08-13.mp4,ZZ Series,Western,37,Part,Part 3,Queen Of Thrones:  (A XXX Parody),Danny D; Romi Rain; Aida Swinger
15373,Our Halloween Swap Started Under The Bed - S10:E10,familyswap_our_halloween_swap_started_under_the_bed_1920.mp4,Family Swap,Western,23,Season/Episode,S10:E10,Our Halloween Swap Started Under The Bed,Max Fills; Lexi Luna; Madison Wilde; Chad Alva
15175,Hookup Therapy Episode 29: Farm To Table,Farm to Table.mp4,FansDB: Alexadamsxxx (onlyfans),Western,46,Episode,Episode 29,Hookup Therapy : Farm To Table,Alex Adams; Juniper Ren
15174,One Time Free Pass To Smash This Pussy - S38:E4,One Time Free Pass To Smash This Pussy.mp4,My Family Pies,Western,33,Season/Episode,S38:E4,One Time Free Pass To Smash This Pussy,Charles Dera; Isabella Jules
13993,Cassie Bender and DAMION Dayski ROUND 2 Part 1,Cassiebenderfit_Dayski-ROUND-2-part-1.mov,Cassiebenderfit,Western,33,Part,Part 1,Cassie Bender and DAMION Dayski ROUND 2,Damion Dayski; Cassie Bender
13991,,L08 The Ultimate Blowjob Experience Part 2_ENMARCHENOIRE_1080p.mp4,,Western,25,Part,Part 2,L08 The Ultimate Blowjob Experience _ENMARCHENOIRE_1080p.mp4,
13825,,031 POV Threesome Sex with 2 Girl - Step Sisters Green (part 1)_Sisters Green_1080p.mp4,,Western,14,Part,part 1,031 POV Threesome Sex with 2 Girl - Step Sisters Green ()_Sisters Green_1080p.mp4,
13826,,027 Wife Lets Husband Fuck her Step Sister - Threesome Sex (part 2)_Sisters Green_1080p.mp4,,Western,20,Part,part 2,027 Wife Lets Husband Fuck her Step Sister - Threesome Sex ()_Sisters Green_1080p.mp4,
13829,,032 POV Threesome Sex with 2 Girl - Step Sisters Green (part 2)_Sisters Green_1080p.mp4,,Western,17,Part,part 2,032 POV Threesome Sex with 2 Girl - Step Sisters Green ()_Sisters Green_1080p.mp4,
13831,,035 Home Video two Step Sister and Husband (part 1)_Sisters Green_1080p.mp4,,Western,16,Part,part 1,035 Home Video two Step Sister and Husband ()_Sisters Green_1080p.mp4,
12780,Poolside Pleasure Chapter 2: Cum Swapping BFFs Polly Yangs And Merida Sat Get Slammed,"Polly Yangs, Merida Sat(GP3080)1080p.mp4",Porn World,Western,26,Chapter,Chapter 2,Poolside Pleasure : Cum Swapping BFFs Polly Yangs And Merida Sat Get Slammed,Ian Scott; Merida Sat; Polly Yangs; David Perry; Lorenzo Viota
12775,Curse of the Skull Swap Pt. 1,sisswap.22.04.10.angel.gostosa.and.lily.lou.curse.of.the.skull.swap.part.1.mp4,Sis Swap,Western,41,Part,Pt. 1,Curse of the Skull Swap,Elias Cash; Oliver Faze; Lily Lou; Angel Gostosa
12776,Curse of the Skull Swap pt. 2,sisswap.22.05.08.angel.gostosa.and.lily.lou.curse.of.the.skull.swap.part.2.mp4,Sis Swap,Western,52,Part,pt. 2,Curse of the Skull Swap,Elias Cash; Oliver Faze; Lily Lou; Angel Gostosa
12774,Giving And Taking - S45:E11,nubilefilms.23.09.26.angel.gostosa.and.harley.haze.giving.and.taking.mp4,Nubile Films,Western,30,Season/Episode,S45:E11,Giving And Taking,Alex Legend; Harley Haze; Angel Gostosa
12771,Happy Nude Year - S30:E5,brattysis.23.12.29.angel.gostosa.and.madison.wilde.happy.nude.year.mp4,Bratty Sis,Western,24,Season/Episode,S30:E5,Happy Nude Year,Madison Wilde; Ricky Spanish; Angel Gostosa
12773,It Was Sexier In The Nineties - S4:E9,cumswappingsis.23.08.08.angel.gostosa.and.madi.collins.mp4,Cum Swapping Sis,Western,28,Season/Episode,S4:E9,It Was Sexier In The Nineties,Madi Collins; Apollo Banks; Angel Gostosa
12761,Pass Around Wives Vol 1 E3,annafoxxx_1080_x265.mp4,Hell,Western,32,Volume,Vol 1,Pass Around Wives  E3,Codey Steele; Ana Foxxx; Will Pounder; Ray Black
12760,My Husband Convinced Me Vol 1 E1,"[PurgatoryX] Jaye Summers - My Husband Convinced Me - Vol 1, E1 [1080p].mp4",Hell,Western,21,Volume,Vol 1,My Husband Convinced Me  E1,Donnie Rock; Charles Dera; Jaye Summers
12693,Tila Tequila Back Doored and Squirting - Part 1,vc31_scene_1_5130k_h264_hp.mp4,Vivid Celeb,Western,27,Part,Part 1,Tila Tequila Back Doored and Squirting,Mr. Pete; Tila Tequila
12694,Tila Tequila Back Doored and Squirting - Part 2,vc31_scene_2_5129k_h264_hp.mp4,Vivid Celeb,Western,34,Part,Part 2,Tila Tequila Back Doored and Squirting,Mr. Pete; Tila Tequila
12695,Tila Tequila Back Doored and Squirting - Part 3,vc31_scene_3_5131k_h264_hp.mp4,Vivid Celeb,Western,21,Part,Part 3,Tila Tequila Back Doored and Squirting,Mr. Pete; Tila Tequila
12667,Boot Camp Swap Pt. 2,Momswap 2022-09-12 Kenzie Love Pristine Edge.mp4,Mom Swap,Western,52,Part,Pt. 2,Boot Camp Swap,Elias Cash; Oliver Faze; Pristine Edge; Kenzie Love
12666,Boot Camp Swap Pt. 2,Momswap 2022-08-15 Kenzie Love Pristine Edge.mp4,Mom Swap,Western,38,Part,Pt. 2,Boot Camp Swap,Elias Cash; Oliver Faze; Pristine Edge; Kenzie Love
12661,Farrah 2 Backdoor and More - Part 2,VIVID_CELEB_vc32_scene_2_5117k_h264_hp.mp4,Vivid Celeb,Western,28,Part,Part 2,Farrah 2 Backdoor and More,Farrah Abraham
12658,Farrah 2 Backdoor and More - Part 3,Limo.mp4,Vivid Celeb,Western,20,Part,Part 3,Farrah 2 Backdoor and More,Farrah Abraham
12657,Farrah Superstar Backdoor Teen Mom - Part 1,Full Scene.mp4,Vivid Celeb,Western,42,Part,Part 1,Farrah Superstar Backdoor Teen Mom,Farrah Abraham
11175,Deadly Vows - Episode 4,DigitalPlayground.25.09.29.Ryan.Reid.Deadly.Vows.Episode.4.XXX.1080p.HEVC.x265.PRT.mp4,Blockbuster,Western,37,Episode,Episode 4,Deadly Vows,Isiah Maxwell; Ryan Reid; Mazee The Goat; Damon Dice
11016,Grinders - Part 1,Adulttime 2022-05-31 Vicki Chase.mp4,Grinders,Western,55,Part,Part 1,Grinders,Tommy Pistol; Vicki Chase
11017,Grinders - Part 2,Adulttime 2022-06-07 Charlotte Sins.mp4,Grinders,Western,41,Part,Part 2,Grinders,Robby Apples; Charlotte Sins
11018,Grinders - Part 3,Adulttime 2022-06-14 Vanna Bardot Lilly Bell.mp4,Grinders,Western,40,Part,Part 3,Grinders,Nathan Bronson; Lilly Bell; Vanna Bardot
11019,Grinders - Part 4,Adulttime 2022-06-21 Maya Woulfe.mp4,Grinders,Western,40,Part,Part 4,Grinders,Maya Woulfe; Lucky Fate
10996,THE GUY FROM THE 18 - PART 1,sexmex.25.09.19.nicole.zurich.mica.spengler.and.lia.tovar.mp4,Sex Mex,Western,24,Part,PART 1,THE GUY FROM THE 18,Nicole Zurich; Mica Spengler; Lia Tovar
10997,THE GUY FROM THE 18 - PART 2,sexmex.25.09.26.nicole.zurich.mica.spengler.and.lia.tovar.part.2.mp4,Sex Mex,Western,22,Part,PART 2,THE GUY FROM THE 18,Nicole Zurich; Mica Spengler; Lia Tovar
10977,Peeping Gal: Episode 3,[Brazzers] Gal Ritchie - Peeping Gal Episode 3 2025 [1080p].mp4,Brazzers Exxtra,Western,30,Episode,Episode 3,Peeping Gal,Gal Ritchie; Mick Blue; Scott Nails; Penelope Reed
10938,My Husband Convinced Me Vol 1 E2,[PurgatoryX] Jaye Summers and Vienna Black - My Husband Convinced Me Vol 1 E2 [1080p].mp4,Hell,Western,27,Volume,Vol 1,My Husband Convinced Me  E2,Donnie Rock; Charles Dera; Jaye Summers; Vienna Black
10939,My Husband Convinced Me Vol 1 E3,[PurgatoryX] Jaye Summers and Vienna Black - My Husband Convinced Me Vol 1 E3 [1080p].mp4,Hell,Western,29,Volume,Vol 1,My Husband Convinced Me  E3,Donnie Rock; Charles Dera; Jaye Summers; Vienna Black
10937,We Want You - S9:E10,Brattysis.19.05.17.Lexi.Lore.Vienna.Black.We.Want.You.1080P-1.mp4,Bratty Sis,Western,36,Season/Episode,S9:E10,We Want You,Codey Steele; Lexi Lore; Vienna Black
10927,Adding Stepsis And Her Friend To The Spank Bank - S22:E12,brattysis.22.05.27.brookie.blair.and.gracie.gates.mp4,Bratty Sis,Western,36,Season/Episode,S22:E12,Adding Stepsis And Her Friend To The Spank Bank,Gracie Gates; Brookie Blair; Cody Carter
10918,I Made A Mistake You Can't Fuck My Stepbrother - S22:E11,brattysis.22.05.20.gracie.gates.and.xxlayna.marie.mp4,Bratty Sis,Western,22,Season/Episode,S22:E11,I Made A Mistake You Can't Fuck My Stepbrother,Jay Romero; Xxlayna Marie; Gracie Gates
10888,Fucking With Brother - S7:E5,myfamilypies.19.03.27.chloe.cherry.dava.foxx.fucking.with.brother.1080p.mp4,My Family Pies,Western,30,Season/Episode,S7:E5,Fucking With Brother,Bambino; Chloe Cherry; Dava Foxx
10887,Momos Xxx Challenge - S10:E3,mfp.19.10.20.chloe.cherry.and.haley.reed.momos.xxx.challenge.mp4,My Family Pies,Western,32,Season/Episode,S10:E3,Momos Xxx Challenge,Haley Reed; Codey Steele; Chloe Cherry
10886,I Bet Youre Wet - S10:E7,brattysis.19.07.19.chloe.cherry.and.athena.faris.i.bet.youre.wet.mkv,Bratty Sis,Western,31,Season/Episode,S10:E7,I Bet Youre Wet,Logan Long; Chloe Cherry; Athena Faris
10883,Married With Issues Love And Bananas - S3:E3,tss.19.05.24.chloe.cherry.married.with.issues.love.and.bananas.mp4,That Sitcom Show,Western,20,Season/Episode,S3:E3,Married With Issues Love And Bananas,Kyle Mason; Chloe Cherry
10885,Married With Issues My Old Man - S3:E5,tss.19.06.07.addison.lee.married.with.issues.my.old.man.mp4,That Sitcom Show,Western,17,Season/Episode,S3:E5,Married With Issues My Old Man,Filthy Rich; Addison Lee
10882,That 70s Ho Here Kitty Kitty - S3:E1,tss.19.05.10.nina.hartley.that.70s.ho.here.kitty.kitty.mp4,That Sitcom Show,Western,19,Season/Episode,S3:E1,That 70s Ho Here Kitty Kitty,Rion King; Tyler Nixon; Nina Hartley
10881,The Exchange Student Unexpected Encounter - S2:E5,tss.19.03.15.reagan.foxx.the.exchange.student.unexpected.encounter.mp4,That Sitcom Show,Western,22,Season/Episode,S2:E5,The Exchange Student Unexpected Encounter,Reagan Foxx; Filthy Rich; Juan El Caballo Loco
10880,Married With Issues Some On The Side - S2:E1,tss.19.02.15.pepper.hart.married.with.issues.some.on.the.side.mp4,That Sitcom Show,Western,30,Season/Episode,S2:E1,Married With Issues Some On The Side,Kyle Mason; Addison Lee; Pepper Hart
10879,Married With Issues The Dateless Wonder - S1:E4,tss.19.01.04.addison.lee.and.jennifer.white.married.with.issues.the.dateless.wonder.mp4,That Sitcom Show,Western,18,Season/Episode,S1:E4,Married With Issues The Dateless Wonder,Jennifer White; Kyle Mason; Addison Lee; Rob Carpenter
10877,That 70s Ho Fez In The Middle - S2:E12,Chloe Cherry & Emily Willis - That 70s Ho Fez In The Middle [1080p].mp4,That Sitcom Show,Western,26,Season/Episode,S2:E12,That 70s Ho Fez In The Middle,Emily Willis; Ricky Spanish; Chloe Cherry
10871,Students Caught By Teacher - S2:E5,teacherfucksteens.16.10.04.joseline.kelly.and.tali.dova.students.caught.by.teacher.mp4,Teacher Fucks Teens,Western,27,Season/Episode,S2:E5,Students Caught By Teacher,Chad White; Brad Sterling; Joseline Kelly; Tali Dova
10870,Family Threesome - S8:E1,momsteachsex.18.04.07.dani.jensen.and.joseline.kelly.family.threesome.mp4,Moms Teach Sex,Western,33,Season/Episode,S8:E1,Family Threesome,Joseline Kelly; Dani Jensen; Jack Escobar
10850,Episode 158: Sophia & Vince,"Sophia Burns, Vince Karter - Bellesa House - Episode 158 (Full HD).mp4",Bellesa House,Western,30,Episode,Episode 158,Sophia & Vince,Vince Karter; Sophia Burns
10832,"Menage A Trans #08 - Erica Cherry, Sophia Burns & Hatler Gurius",MenageATrans08-EricaCherrySophiaBurnsHatlerGurius_s01_EricaCherry_HatlerGurius_1080p.mp4,Devil's Tgirls,Western,39,Numbered,#08,"Menage A Trans  - Erica Cherry, Sophia Burns & Hatler Gurius",Erica Cherry; Sophia Burns; Hatler Gurius
10833,"Menage A Trans #08 - Jade Venus, Victoria Voxxx & Jayden Marcos",MenageATrans08-JadeVenusVictoriaVoxxxJaydenMarcos_s03_VictoriaVoxxx_JadeVenus_1080p.mp4,Devil's Tgirls,Western,37,Numbered,#08,"Menage A Trans  - Jade Venus, Victoria Voxxx & Jayden Marcos",Jayden Marcos; Jade Venus; Victoria Voxxx
10834,"Menage A Trans #08 - Mimi Oh, Penelope Woods & Sergeant Miles",MenageATrans08-MimiOhPenelopeWoodsSergeantMiles_s02_SergeantMiles_PenelopeWoods_1080p.mp4,Devil's Tgirls,Western,36,Numbered,#08,"Menage A Trans  - Mimi Oh, Penelope Woods & Sergeant Miles",Sergeant Miles; Penelope Woods; Mimi Oh
10806,Concept: Daughter Rebellion #2,teamskeetlabs_macy_meadows_full_hi_1080hd.mp4,TeamSkeet Labs,Western,36,Numbered,#2,Concept: Daughter Rebellion,Nicky Rebel; Macy Meadows; Sergio Escoto
10792,Step Sister Competition - S13:E12,brattysis.chloetemple.macymaedows.stepsis.competition.1080p.mp4,Bratty Sis,Western,31,Season/Episode,S13:E12,Step Sister Competition,Chloe Temple; Jay Rock; Macy Meadows
10793,The Better Blowjob - S15:E9,brattysis_the_better_blowjob_1920.mp4,Bratty Sis,Western,31,Season/Episode,S15:E9,The Better Blowjob,Kylie Rocket; Vanessa Sky; Tony Profane
10782,Swallow Cum To Grow Taller - S1:E3,[CumSwappingSis] Macy Meadows & Sera Ryder - Swallow Cum to Grow Taller (S1-E3) (March.09.2022).mp4,Cum Swapping Sis,Western,22,Season/Episode,S1:E3,Swallow Cum To Grow Taller,Nathan Bronson; Macy Meadows; Sera Ryder
10771,I Can't Stop Squirting: Part 2,ManyVids] Jack_and_Jill-2020-07-22-1080p.mp4,Jack_and_Jill,Western,137,Part,Part 2,I Can't Stop Squirting,Jak Palmer; Jill Palmer; Macy Meadows
10766,Day of Debauchery: Part 4,"Hime Marie, Alexis Tae, Vanessa Sky, Jazmin Luv, Maddy May, Ailee Anne, Hailey Rose, Missa Mars -- @Brazzers -- Day of Debauchery, Part 4 -- 2023-04-18 [1080p].mp4",ZZ Series,Western,28,Part,Part 4,Day of Debauchery,Jaxson Briggs; Hailey Rose; Alexis Tae; Isiah Maxwell; Scott Nails
10761,Giving My Stepsister Her Christmas Present - S25:E5,Brattysis 2022-12-16 Lacy Tate Macy Meadows.mp4,Bratty Sis,Western,32,Season/Episode,S25:E5,Giving My Stepsister Her Christmas Present,Lacy Tate; Jay Rock; Macy Meadows
10477,"""Give me Back My Toys!!!"" Messing with My Horney Step-Sister PART ONE",[Primal's Taboo Family Relations] Diana Grace - Give me Back My Toys!!!  Messing with My Horney Sister Part One 1080p.mp4,Primal's POV Family Lust,Western,14,Part,PART ONE,"""Give me Back My Toys!!!"" Messing with My Horney Step-Sister",Diana Grace
10478,"""Give me Back My Toys!!!"" Messing with My Horny Step-Sister PART THREE",[Primal's Taboo Family Relations] Diana Grace - Give me Back My Toys!!!  Messing with My Horney Sister Part Three 1080p.mp4,Primal's POV Family Lust,Western,15,Part,PART THREE,"""Give me Back My Toys!!!"" Messing with My Horny Step-Sister",Diana Grace
10467,,[Psycho-ThrillersFilms] Zoe Parker - Under The Pool Part 1.mp4,Psycho Thrillers Films,Western,31,Part,Part 1,[Psycho-ThrillersFilms] Zoe Parker - Under The Pool .mp4,Zoe Parker
10468,,[Psycho-ThrillersFilms] Zoe Parker - Under The Pool Part 2.mp4,Psycho Thrillers Films,Western,32,Part,Part 2,[Psycho-ThrillersFilms] Zoe Parker - Under The Pool .mp4,Zoe Parker
10455,Sexual Harassment 2: Part 1,[Psycho-ThrillersFilms] Ashly Anderson - Sexual Harassment 2 Part 1.mp4,Psycho Thrillers Films,Western,41,Part,Part 1,Sexual Harassment 2,Ashly Anderson
10456,Sexual Harassment 2: Part 2,[Psycho-ThrillersFilms] Ashly Anderson - Sexual Harassment 2 Part 2.mp4,Psycho Thrillers Films,Western,39,Part,Part 2,Sexual Harassment 2,Ashly Anderson
10453,Allison’s Exit Interview Part 1,[PKF Studios] Natalie Knight - Allison's Exit Interview Part 1.mp4,PKF Studios,Western,33,Part,Part 1,Allison’s Exit Interview,Rock; Natalie Knight; Jesse Dean
10454,Allison’s Exit Interview Part 2,[PKF Studios] Natalie Knight - Allison's Exit Interview Part 2.mp4,PKF Studios,Western,32,Part,Part 2,Allison’s Exit Interview,Rock; Natalie Knight; Jesse Dean
10438,Dormroom Debaucheries Vol 3,Mofos - Katie Cai - Dormroom Debaucheries Vol 3.mkv,Let's Post It,Western,43,Volume,Vol 3,Dormroom Debaucheries,Derek Savage; Katie Cai
10436,Indecent pt. 1,missa_indecentpt1_51941220829m1080.mp4,MissaX,Western,91,Part,pt. 1,Indecent,Reagan Foxx; Ryan Driller; Quinton James
10431,Obsession ep. 4,[Missax] Obsession XXX- Scene 04.mp4,MissaX,Western,35,Episode,ep. 4,Obsession,Cherie DeVille; Jill Kassidy; Chad White
10418,My Boss' Daughter III,[Missax] My Boss' Daughter 3 XXX (2024).mp4,MissaX,Western,39,Roman,III,My Boss' Daughter,Kylie Rocket; Chad White
10423,My Virginity is a Burden VII,[Missax] My Virginity is a Burden 7.mp4,MissaX,Western,44,Roman,VII,My Virginity is a Burden,Parker Ambrose; Melody Marks
10424,My Virginity is a Burden VIII,[Missax] My Virginity is a Burden 8.mp4,MissaX,Western,47,Roman,VIII,My Virginity is a Burden,Lulu Chu; Tommy Gunn
10425,Nymphomaniac III,[Missax] Nymphomaniac 3.mp4,MissaX,Western,55,Roman,III,Nymphomaniac,Laney Grey; Robby Apples
10429,Obsession ep. 2,[Missax] Obsession XXX- Scene 02.mp4,MissaX,Western,25,Episode,ep. 2,Obsession,Cherie DeVille; Chad White
10430,Obsession ep. 3,[Missax] Obsession XXX- Scene 03.mp4,MissaX,Western,41,Episode,ep. 3,Obsession,Cherie DeVille; Jill Kassidy; Chad White
10410,In Love With Daddy IV,[Missax] In Love With Daddy 4 XXX.mp4,MissaX,Western,46,Roman,IV,In Love With Daddy,Maya Woulfe; Chris Epic
10411,Let Them Talk ep. 1,[Missax] Let Them Talk XXX- Scene 01.mp4,MissaX,Western,31,Episode,ep. 1,Let Them Talk,Tyler Nixon; Cherie DeVille; Alexis Fawx
10412,Let Them Talk ep. 2,[Missax] Let Them Talk XXX- Scene 02.mp4,MissaX,Western,49,Episode,ep. 2,Let Them Talk,Tyler Nixon; Cherie DeVille; Alexis Fawx
10413,Let Them Talk ep. 3,[Missax] Let Them Talk XXX- Scene 03.mp4,MissaX,Western,29,Episode,ep. 3,Let Them Talk,Tyler Nixon; Cherie DeVille; Alexis Fawx
10409,Indecent pt. 2,Indecent-Pt-2-Reagan-Foxx-Coco-Lovelock-MissaX-2022-12-24.mp4,MissaX,Western,56,Part,pt. 2,Indecent,Reagan Foxx; Tommy Pistol; Coco Lovelock
10408,Indecent pt. 3,Indecent-Pt-3-Reagan-Foxx-MissaX-2023-01-13.mp4,MissaX,Western,41,Part,pt. 3,Indecent,Reagan Foxx; Ryan Driller; Quinton James
10407,Laundry Room Lock In - S30:E3,stepsiblingscaught.25.08.21.rissa.may.and.sawyer.cassidy.laundry.room.lock.in.mp4,Step Siblings Caught,Western,25,Season/Episode,S30:E3,Laundry Room Lock In,Ethan Seeks; Rissa May; Sawyer Cassidy
10406,A Teaching Moment pt. 2,MissaX.25.06.30.Addison.Vodka.Rissa.May.1080p.mp4,MissaX,Western,50,Part,pt. 2,A Teaching Moment,Rissa May; Addison Vodka
10396,Hungry For Stepdad Cock - S10:E9,NubilesPorn 2025-09-24 Harley Love Lana Smalls.mp4,Family Swap,Western,23,Season/Episode,S10:E9,Hungry For Stepdad Cock,Clarke Kent; Lana Smalls; Richard Glaze; Harley Love
10391,Why Is There A Shamrock On My Dick - S4:E9,familyswap.22.03.13.jessica.ryan.and.liz.jordan.mp4,Family Swap,Western,34,Season/Episode,S4:E9,Why Is There A Shamrock On My Dick,Steve Holmes; Oliver Flynn; Liz Jordan; Jessica Ryan
10390,Day Dreamer: Part 1,[freeusefantasy.com] Liz Jordan & Demi Hawks - Day Dreamer Part 1 - 07.30.22 - 1080p.mp4,Freeuse Fantasy,Western,39,Part,Part 1,Day Dreamer,Demi Hawks; Liz Jordan; Oliver Davis
10387,Cum Play With Me - S21:E2,[BrattySis] 21.12.24 Liz Jordan and Paige Owens_Cum Play With Me_1080p_x265.mp4,Bratty Sis,Western,28,Season/Episode,S21:E2,Cum Play With Me,Juan El Caballo Loco; Paige Owens; Liz Jordan
10385,Just Like That - S43:E24,Nubilefilms 2022-12-31 Lexi Lore Liz Jordan.mp4,Nubile Films,Western,27,Season/Episode,S43:E24,Just Like That,Ryan Mclane; Quinton James; Liz Jordan; Lexi Lore
10384,Honk If You're Horny Part 2,"Liz Jordan, Roxie Sinner, Gal Ritchie - Honk If Youre Horny Part 2 - 12.11.2024.mp4",Crazy College GFs,Western,44,Part,Part 2,Honk If You're Horny,Gal Ritchie; Lawson Jones; Roxie Sinner; Liz Jordan; Rocket Powers
10383,Our Graduation Present - S4:E4,"Liz Jordan, Hailey Rose -- @CumSwappingSis -- Our Graduation Present -- 2023-06-09 [1080p].mp4",Cum Swapping Sis,Western,17,Season/Episode,S4:E4,Our Graduation Present,Max Fills; Hailey Rose; Liz Jordan
10382,Wed Or Undead - S24:E9,"Liz Jordan, Chloe Temple -- @BrattySis -- Wed Or Undead -- 2022-10-21 [1080p, x265].mp4",Bratty Sis,Western,22,Season/Episode,S24:E9,Wed Or Undead,Chloe Temple; Liz Jordan; Tyler Cruise
10379,Fun And Games With Step Sis - S17:E6,BrattySis.21.02.19.Lacy.Lennon.And.Liz.Jordan.Fun.And.Games.With.Step.Sis.XXX.1080p.HEVC.x265.PRT.mp4,Bratty Sis,Western,32,Season/Episode,S17:E6,Fun And Games With Step Sis,Jay Romero; Liz Jordan; Lacy Lennon
10380,Peeping Gal: Episode 1,Brazzers 2025-09-22 Gal Ritchie.mp4,Brazzers Exxtra,Western,31,Episode,Episode 1,Peeping Gal,Gal Ritchie; Damon Dice
10381,Peeping Gal: Episode 2,Brazzers 2025-09-23 Cherie Deville Gal Ritchie.mp4,Brazzers Exxtra,Western,38,Episode,Episode 2,Peeping Gal,Gal Ritchie; Hollywood Cash; Cherie DeVille
10378,Flirt Or Fuck - S41:E13,"Alex Coal, Liz Jordan -- @NubileFilms -- Flirt Or Fuck -- 2022-03-12 [1080p, x265].mp4",Nubile Films,Western,30,Season/Episode,S41:E13,Flirt Or Fuck,Codey Steele; Alex Coal; Liz Jordan
10376,Deadly Vows - Episode 3,DigitalPlayground 2025-09-22 Elly Clutch.mp4,Blockbuster,Western,32,Episode,Episode 3,Deadly Vows,Elly Clutch; Scott Nails
10372,The Exxxceptions: Episode 1,zzs_cali_carter_bb091917_1080p_12000.mp4,ZZ Series,Western,60,Episode,Episode 1,The Exxxceptions,Mike Mancini; Rion King; Xander Corvus; Jake Adams; Bambino
10338,Perspective: Episode 1,adulttime.19.09.26.angela.white.perspective.episode.1.mp4,Perspective,Western,52,Episode,Episode 1,Perspective,Seth Gamble; Codey Steele; Angela White
10337,Perspective: Episode 2,adulttime.19.09.26.alina.lopez.and.angela.white.perspective.episode.2.mp4,Perspective,Western,67,Episode,Episode 2,Perspective,Whitney Wright; Isiah Maxwell; Seth Gamble; Alina Lopez; Angela White
10335,Perspective: Episode 3,PerspectiveEpisode3_s01_AbigailMac_AngelaWhite___1080p.mp4,Perspective,Western,73,Episode,Episode 3,Perspective,Seth Gamble; Codey Steele; Angela White; Michael Vegas; Abigail Mac
10336,Perspective: Episode 4,PerspectiveEpisode4_s01_AbigailMac_AngelaWhite_____1080p.mp4,Perspective,Western,34,Episode,Episode 4,Perspective,Whitney Wright; Isiah Maxwell; Seth Gamble; Angela White; Michael Vegas
10333,Clown Town Ep.1: Anal Circus Threesome with Gia & Sophia,Gia_Derza_&_Sophia_Burns_-_Clown_Town_Ep.1_Anal_Circus_Threesome_with_Gia_&_Sophia.mp4,Nade Nasty,Western,44,Episode,Ep.1,Clown Town : Anal Circus Threesome with Gia & Sophia,Nade Nasty; Sophia Burns; Gia Derza
10332,Crossing Borders #02,EvilAngel 2025-03-28 Sophia Burns.mp4,Evil Angel,Western,31,Numbered,#02,Crossing Borders,Darrel Deeps; Sophia Burns; Nelson Mandingo; Mark Dozer
10328,Everything In Its Right Place - S43:E27,nubilefilms.23.01.12.alex.coal.aria.valencia.and.theodora.day.mp4,Nubile Films,Western,35,Season/Episode,S43:E27,Everything In Its Right Place,Quinton James; Aria Valencia; Alex Coal; Theodora Day
10322,"Wanna Fuck My Stepdaughter Gotta Fuck Me First #23 - Jamie Michelle, Lumi Ray & Seth Gamble","[DevilsFilm] Jamie Michelle, Lumi Ray Wanna Fuck My Stepdaughter Gotta Fuck Me First #23  07.13.2022.1080p.mp4",Out of the Family,Western,30,Numbered,#23,"Wanna Fuck My Stepdaughter Gotta Fuck Me First  - Jamie Michelle, Lumi Ray & Seth Gamble",Seth Gamble; Lumi Ray; Jamie Michelle
10317,My Ex Is On The Naughty List - S43:E23,Nubilefilms 2022-12-25 Dakota Tyler Theodora Day.mp4,Nubile Films,Western,27,Season/Episode,S43:E23,My Ex Is On The Naughty List,Codey Steele; Theodora Day; Dakota Tyler
10318,Serving The Servant - S44:E9,Nubilefilms 2023-03-04 Andi Rose Anna Claire Clouds Theodora Day.mp4,Nubile Films,Western,38,Season/Episode,S44:E9,Serving The Servant,Andi Rose; Ryan Mclane; Anna Claire Clouds; Theodora Day
10320,Stepsister Stuck In A Donut - S22:E2,Nubilesporn 2023-01-17 Leana Lovings Molly Little Theodora Day.mp4,Step Siblings Caught,Western,30,Season/Episode,S22:E2,Stepsister Stuck In A Donut,Leana Lovings; Molly Little; Theodora Day; Tyler Cruise
10315,Hotel Vixen Season 2 Episode 9 Going Stag,Tushy 2024-06-02 Sia Siberia Lumi Ray Megan Love.mp4,Tushy,Western,44,Episode,Episode 9,Hotel Vixen Season 2  Going Stag,Sia Siberia; Christian Clay; Lumi Ray; Jimmy Bud; Marco Bull
10310,My Wife's Massage Vol 2 E2,samantha.creams.purgx.1080_x265.mp4,Heaven,Western,27,Volume,Vol 2,My Wife's Massage  E2,Markus Kage; Samantha Creams; Rowan Rails
10309,Pass Around Wives Vol 1 E1,purgatoryx.natasha.nice_x265.mp4,Hell,Western,35,Volume,Vol 1,Pass Around Wives  E1,John Strong; Chad Alva; Natasha Nice; Rex Ryder
10308,My Wife’s Massage Vol 3 E1,pgx0186_edenivy_zayne_parkersavage(1).mp4,Heaven,Western,48,Volume,Vol 3,My Wife’s Massage  E1,Eden Ivy; Parker Savage; Zayne Archer
10307,Pass Around Wives Vol 1 E2,pgx-keira.croft.1080_x265.mp4,Hell,Western,35,Volume,Vol 1,Pass Around Wives  E2,Donnie Rock; Ramon Nomar; Robby Apples; Keira Croft
10292,Payback's A Bitch - Episode 1,kira noir - digitalplayground dpg.24.07.01 - paybacks.a.bitch.episode.1 - 4k 2160p.mp4,Digital Playground Episodes,Western,39,Episode,Episode 1,Payback's A Bitch,Kira Noir; Lexington Steele; Jasmine Sherni
10291,Payback's A Bitch - Episode 2,jasmine sherni - DigitalPlayground dpg 24.07.08 - paybacks.a.bitch.episode.2 - 4k 2160p.mp4,Digital Playground Episodes,Western,35,Episode,Episode 2,Payback's A Bitch,Ricky Johnson; Chanel Camryn; Jasmine Sherni
10290,EllyClutch X Dan Dangler X Mr. Lucky POV THREESOME,[OF-EllyClutch] Dan Dangler X Mr Lucky POV THREESOME 2025 [1080p].mp4,Elly Clutch,Western,28,Roman,X,EllyClutch  Dan Dangler  Mr. Lucky POV THREESOME,Elly Clutch; Tyler D.; The Dan Dangler
10282,Game of Seductions Vol 1 E3,"[PurgatoryX] Game Of Seduction 3 [Haley Reed, Kenzi .Reeves] (1080p) {Se7enSeas}.mp4",Heaven,Western,33,Volume,Vol 1,Game of Seductions  E3,Haley Reed; Donnie Rock; Codey Steele; Kenzie Reeves
10263,Spring Break Lake Powell 2 - S1:E2,nubilesunscripted.18.02.26.spring.break.lake.powell.2.mp4,Nubiles Unscripted,Western,24,Season/Episode,S1:E2,Spring Break Lake Powell 2,Haley Reed; Bambino; Damon Dice; Piper Perri; Gina Valentina
10264,Spring Break Lake Powell 3 - S1:E3,nubilesunscripted.18.03.01.spring.break.lake.powell.3.mp4,Nubiles Unscripted,Western,27,Season/Episode,S1:E3,Spring Break Lake Powell 3,Haley Reed; Kenzie Reeves; Bambino; Damon Dice; Piper Perri
10262,Spring Break Lake Powell 3 - S1:E3,nubilesunscripted.18.02.23.piper.perri.and.haley.reed.spring.break.lake.powell.1.mp4,Nubiles Unscripted,Western,25,Season/Episode,S1:E3,Spring Break Lake Powell 3,Haley Reed; Kenzie Reeves; Bambino; Damon Dice; Piper Perri
10265,Spring Break Lake Powell 4 - S1:E4,nubilesunscripted.18.03.04.spring.break.lake.powell.4.mp4,Nubiles Unscripted,Western,33,Season/Episode,S1:E4,Spring Break Lake Powell 4,Haley Reed; Kenzie Reeves; Bambino; Damon Dice; Piper Perri
10266,Spring Break Lake Powell 5 - S1:E5,nubilesunscripted.18.03.04.spring.break.lake.powell.5.mp4,Nubiles Unscripted,Western,26,Season/Episode,S1:E5,Spring Break Lake Powell 5,Haley Reed; Bambino; Gina Valentina
10253,Not So Innocent Sister - S9:E4,[StepSiblingsCaught] Alexa Grace - Not So Innocent Sister [1080p].mp4,Step Siblings Caught,Western,20,Season/Episode,S9:E4,Not So Innocent Sister,Ricky Spanish; Alexa Grace
10254,Step-Mom Gets Blackmailed by Her Step-Son Part 1,[clips4sale] Helena Price - 'Mom Gets Blackmailed By Her Son' (1080p).mkv,Clips4Sale: Helena Price Taboo,Western,27,Part,Part 1,Step-Mom Gets Blackmailed by Her Step-Son,Helena Price
10206,Quarantine Taboo Pt3 . Teresa Ferrer,20.04.09.teresa.ferrer.quarantine.part.3.mp4,Sex Mex,Western,34,Part,Pt3,Quarantine Taboo  . Teresa Ferrer,Teresa Ferrer
10204,Slut Scouts - S11:E6,ssc.19.11.10.jewelz.blu.and.natalie.knight.slut.scouts.mp4,Step Siblings Caught,Western,35,Season/Episode,S11:E6,Slut Scouts,Tyler Nixon; Jewelz Blu; Natalie Knight
10196,Haley Reed Cast Camila Cream - S8:E2,nubilescasting_haley_reed_cast_camila_cream_1920.mp4,Nubiles Casting,Western,47,Season/Episode,S8:E2,Haley Reed Cast Camila Cream,Haley Reed; Camilla Cream; Diego Perez
10194,Magical And Delicious - S15:E4,nfbusty.22.03.11.jewelz.blu.and.lexi.luna.magical.and.delicious.mp4,NF Busty,Western,46,Season/Episode,S15:E4,Magical And Delicious,Lexi Luna; Oliver Flynn; Jewelz Blu
10199,My Stepsister Talks To My Dick - S22:E5,nubilesporn_myfamilypies_21.12.03.my_stepsister_talks_to_my_dick_1080_x265.mp4,My Family Pies,Western,24,Season/Episode,S22:E5,My Stepsister Talks To My Dick,Haley Reed; Ricky Spanish
10192,New Years Eve With My Step Family - S17:E2,myfamilypies_new_years_eve_with_my_step_family_1920.mp4,My Family Pies,Western,34,Season/Episode,S17:E2,New Years Eve With My Step Family,Jewelz Blu; Damon Dice; Vina Sky
10198,Return The Favor - S1:E4,nubilesporn.17.02.19.megan.sage.return.the.favor.mp4,Princess Cum,Western,25,Season/Episode,S1:E4,Return The Favor,Tyler Nixon; Megan Sage
10195,Stepbrother Is Thankful For His Penis - S22:E3,np.haley.spades.lulu.chu.1080_x265.mp4,My Family Pies,Western,28,Season/Episode,S22:E3,Stepbrother Is Thankful For His Penis,Clarke Kent; Codey Steele; Lulu Chu; Haley Spades; Aiden Ashley
10188,Dear Diary My Stepbrothers Dick Was So Good - S19:E1,haley.spades.np.1080_x265.mp4,Step Siblings Caught,Western,18,Season/Episode,S19:E1,Dear Diary My Stepbrothers Dick Was So Good,Haley Spades; Oliver Flynn
10189,Shower Curtain Gloryhole - S21:E5,haley_freya_myfamilypies_shower_curtain_gloryhole_1080_x265.mp4,My Family Pies,Western,27,Season/Episode,S21:E5,Shower Curtain Gloryhole,Tyler Nixon; Haley Spades; Freya Parker
10190,Stepsis Knows Best - S21:E4,haleyreed_khloekapri_myfamilypies_stepsis_knows_best_1080_x265.mp4,My Family Pies,Western,49,Season/Episode,S21:E4,Stepsis Knows Best,Haley Reed; Jay Romero; Khloe Kapri
10187,Wedding Party - S4:E6,haley.reed.harley.haze.jenna.sativa_1080_x265.mp4,Girls Only Porn,Western,28,Season/Episode,S4:E6,Wedding Party,Haley Reed; Harley Haze; Jenna Sativa
10185,Daddy Gives Gold Stars - S1:E7,familyswap_daddy_gives_gold_stars_1920.mp4,Family Swap,Western,25,Season/Episode,S1:E7,Daddy Gives Gold Stars,Charles Dera; Tyler Nixon; Jewelz Blu; Kit Mercer
10184,My Swap Mom Has Blue Pubes - S5:E3,familyswap.22.05.22.eve.marlowe.and.haley.spades.my.swap.mom.has.blue.pubes.mp4,Family Swap,Western,30,Season/Episode,S5:E3,My Swap Mom Has Blue Pubes,Charles Dera; Haley Spades; Eve Marlowe
10178,Step Dad Fucks Daughter - S3:E7,brattysis.17.12.08.haley.reed.step.dad.fucks.daughter.mp4,Bratty Sis,Western,26,Season/Episode,S3:E7,Step Dad Fucks Daughter,Haley Reed; Alex Legend
10173,Game Of Seductions Vol 1 E1,"[PurgatoryX] Game of Seduction Episode 1 [Kenzie Reeves, Haley Reed] (1080p).mp4",Heaven,Western,33,Volume,Vol 1,Game Of Seductions  E1,Haley Reed; Donnie Rock; Kenzie Reeves
10168,Creaming My Step Sister - S5:E10,[BrattySis] Pepper Hart - Creaming My Step Sister (06.15.18).mp4,Bratty Sis,Western,21,Season/Episode,S5:E10,Creaming My Step Sister,Kyle Mason; Pepper Hart
10158,Screwed By Step Brother - S6:E12,Lilly Hall - Screwed By Step Brother [1080p].mp4,Bratty Sis,Western,18,Season/Episode,S6:E12,Screwed By Step Brother,Jake Adams; Lilly Hall
10150,Part 2: Enchanting Anal,02.mp4,Elegant Angel,Western,29,Part,Part 2,Enchanting Anal,Isiah Maxwell; Jewelz Blu
10152,Part 4: Lesbian Mermaid DP,04.mp4,Elegant Angel,Western,34,Part,Part 4,Lesbian Mermaid DP,Jewelz Blu; Adria Rae; Leigh Raven
10153,Part 5: Jewelz Blu's Pirate Gangbang,05.mp4,Elegant Angel,Western,48,Part,Part 5,Jewelz Blu's Pirate Gangbang,Charles Dera; Scotty P; John Strong; Lawson Jones; Prince Yahshua
10117,"The first steps of Anaïs, 18, in the X!",[J&M] - Anaïs (8. 2.2016).mp4,Jacquie & Michel TV,Western,55,Roman,X,"The first steps of Anaïs, 18, in the !",Olivier Lecoeur; Anaïs La Brune
10114,TroubleMakerzz: Part 2,brazzersexxtra.25.03.27.abigaiil.morris.and.jasmine.sherni.troublemakerzz.part.2.1080p.mp4,Brazzers Exxtra,Western,42,Part,Part 2,TroubleMakerzz,Scott Nails; Abigaiil Morris; Jasmine Sherni
10094,TroubleMakerzz: Part 1,Brazzers 2025-03-27 Baby Gemini Jasmine Sherni.mp4,Brazzers Exxtra,Western,42,Part,Part 1,TroubleMakerzz,Isiah Maxwell; Baby Gemini; Mazee The Goat; Jasmine Sherni
9696,Sir Keiran's School of Anal Training Part 1,2052687_flx_kimber_woods_kl112717_1080p_6000.mp4,Flixxx,Western,36,Part,Part 1,Sir Keiran's School of Anal Training,Keiran Lee; Kristen Scott; Kimber Woods
9695,Mothers Day Massage - S8:E4,momsteachsex.18.05.11.anya.olsen.and.cherie.deville.mothers.day.massage.mp4,Moms Teach Sex,Western,31,Season/Episode,S8:E4,Mothers Day Massage,Anya Olsen; Cherie DeVille; Alex Davis
9694,Sir Keiran's School of Anal Training Part 3,[Flixxx] Kristen Scott - Sir Keiran's School of Anal Training Part 2 (02-19-2018) 1080p.mp4,Flixxx,Western,32,Part,Part 3,Sir Keiran's School of Anal Training,Keiran Lee; Kristen Scott; Kimber Woods; Zoey Monroe
9692,Golden Ticket - S9:E5,mts.18.11.04.lauren.phillips.and.lilly.hall.golden.ticket.mp4,Moms Teach Sex,Western,29,Season/Episode,S9:E5,Golden Ticket,Chad Alva; Lauren Phillips; Lilly Hall
9691,My Step Cousins Are Bad Bunnies - S13:E2,nubiles.lacy.jewelz.1080p.mp4,My Family Pies,Western,36,Season/Episode,S13:E2,My Step Cousins Are Bad Bunnies,Seth Gamble; Jewelz Blu; Emma Starletto; Lacy Lennon
9688,The Bewitcher: A DP XXX Parody Episode 3,2345925_dps_december_series_dd121817_episode3_1080p_6000.mp4.mp4,Digital Playground Episodes,Western,34,Episode,Episode 3,The Bewitcher: A DP XXX Parody,Danny D; Clea Gaultier
9683,Cock Gobbling Cousin - S5:E3,mfp.18.11.16.lexi.lore.and.violet.rain.cock.gobbling.cousin.mp4,My Family Pies,Western,28,Season/Episode,S5:E3,Cock Gobbling Cousin,Ricky Spanish; Lexi Lore; Violet Rain
9681,Would You Do It For A Swap Snack - S4:E1,aiden_ashley.hime_marie_1080_x265.mp4,Family Swap,Western,20,Season/Episode,S4:E1,Would You Do It For A Swap Snack,Mike Mancini; Hime Marie; Kyle Mason; Aiden Ashley
9680,Roll The Dice - S33:E26,"[NubileFilms] Roll The Dice [Eliza Ibarra, Savannah Sixx] (1080p).mp4",Nubile Films,Western,28,Season/Episode,S33:E26,Roll The Dice,Eliza Ibarra; Damon Dice; Savannah Sixx
9677,Lessons in Discipline: Part 2,Tushy 100443-Zoe Clark 1080P-x265.m4v,Tushy,Western,37,Part,Part 2,Lessons in Discipline,Zoe Clark; Jean Val Jean
9676,Youre In Good Hands - S2:E9,MomLover 2023-05-31 April Snow Summer Hart.mp4,Mom's Family Secrets,Western,30,Season/Episode,S2:E9,Youre In Good Hands,Diego Perez; April Snow; Summer Hart
9669,Momster-in-Law Part 1: The Engagement,MYLF 2023-05-12 Ryan Keely.mp4,Mylfwood,Western,30,Part,Part 1,Momster-in-Law : The Engagement,Serena Hill; Ryan Keely; Oliver Flynn
9670,Momster-in-Law Part 2: The Test,MYLF 2023-05-19 Ryan Keely Serena Hill.mp4,Mylfed,Western,32,Part,Part 2,Momster-in-Law : The Test,Serena Hill; Ryan Keely
9668,Momster-in-Law Part 3: The Big Day,BadMilfs 2023-05-25 Ryan Keely Serena Hill.mp4,Bad Milfs,Western,25,Part,Part 3,Momster-in-Law : The Big Day,Serena Hill; Ryan Keely; Oliver Flynn
9666,Stepsisters Valentines Day Free Use Gift - S7:E1,pc.22.02.10.madison.summers.and.tristan.summers.mp4,Princess Cum,Western,28,Season/Episode,S7:E1,Stepsisters Valentines Day Free Use Gift,Kyle Mason; Tristan Summers; Madison Summers
9665,Your Stepmom Is Hot For Me - S4:E6,momwantscreampie_your_stepmom_is_hot_for_me_1920.mp4,Mom Wants Creampie,Western,27,Season/Episode,S4:E6,Your Stepmom Is Hot For Me,Jayden Marcos; Parker Ambrose; Sydney Paige
9662,Cash For Kisses On Valentines Day - S25:E7,stepsiblingscaught.24.02.07.penelope.kay.and.renee.rose.mp4,Step Siblings Caught,Western,28,Season/Episode,S25:E7,Cash For Kisses On Valentines Day,Penelope Kay; Juan El Caballo Loco; Renee Rose
9661,Fathers Day Seduction - S10:E1,brattysis_fathers_day_seduction_1920.mp4,Bratty Sis,Western,30,Season/Episode,S10:E1,Fathers Day Seduction,Charles Dera; Chloe Cherry; Sophia Lux
9659,Step Sis Finds A Pot Of Gold And Her Brothers Dick - S17:E9,brattysis.21.03.12.haley.reed.and.vina.sky.mp4,Bratty Sis,Western,31,Season/Episode,S17:E9,Step Sis Finds A Pot Of Gold And Her Brothers Dick,Haley Reed; AJ Luis; Vina Sky
9658,Luck Of The Step Son - S12:E7,mts.20.03.09.lexi.lore.and.sheena.ryder.luck.of.the.step.son.mp4,Moms Teach Sex,Western,32,Season/Episode,S12:E7,Luck Of The Step Son,Juan El Caballo Loco; Lexi Lore; Sheena Ryder
9654,Fourth Of July Family Fuck - S3:E3,myfamilypies.18.06.26.rosalyn.sphinx.and.whitney.wright.fourth.of.july.family.fuck.mp4,My Family Pies,Western,29,Season/Episode,S3:E3,Fourth Of July Family Fuck,Whitney Wright; Rosalyn Sphinx; Dick Chibbles
9653,Take Your Fun Sized Sister and Her Friends to the Amusement Park for Fourth of July - S17:E8,stepSiblingscaught.21.06.30.jessie.saint.lulu.chu.madi.collins.x265.mp4,Step Siblings Caught,Western,29,Season/Episode,S17:E8,Take Your Fun Sized Sister and Her Friends to the Amusement Park for Fourth of July,Madi Collins; Codey Steele; Lulu Chu; Jessie Saint
9647,Double Or Nothing - S3:E3,stepsiblingscaught.16.08.26.adria.rae.double.or.nothing.mp4,Step Siblings Caught,Western,19,Season/Episode,S3:E3,Double Or Nothing,Rion King; Adria Rae
9644,Queen Of Thrones: Part 2 (A XXX Parody),zzs_romi_rain_ap040317_1080p_12000.mp4,ZZ Series,Western,31,Part,Part 2,Queen Of Thrones:  (A XXX Parody),Xander Corvus; Romi Rain
9642,American Bimbo Part 3 - Girlboss,[ZZSeries.com Brazzers.com] Luna Star & Summer Col - American Bimbo Part 3 - Girlboss (30.01.2023)(1080p).mp4,ZZ Series,Western,38,Part,Part 3,American Bimbo  - Girlboss,Alex Jones; Summer Col; Luna Star
9643,Queen Of Thrones: Part 4 (A XXX Parody),"[ZZSeries.com] Ella Hughes, Rebecca Moore - Queen Of Thrones Part 4 (August 19, 2017) 1080p.mp4",ZZ Series,Western,31,Part,Part 4,Queen Of Thrones:  (A XXX Parody),Xander Corvus; Dorian Del Isla; Ella Hughes; Pascal White; Rebecca More
9641,My Sex Obsessed Girlfriend - S41:E20,nubilefilms.22.04.13.eliza.ibarra.and.vanna.bardot.my.sex.obsessed.girlfriend.mp4,Nubile Films,Western,27,Season/Episode,S41:E20,My Sex Obsessed Girlfriend,Ryan Mclane; Codey Steele; Eliza Ibarra; Vanna Bardot
9640,What Women Really Want - S41:E5,nubilefilms.22.02.04.maya.woulfe.and.vanna.bardot.what.women.really.want.mp4,Nubile Films,Western,23,Season/Episode,S41:E5,What Women Really Want,Nathan Bronson; Maya Woulfe; Vanna Bardot
9637,Grandpas' Threeway Getaway: Part 1,"Lily Lou, Vanna Bardot -- @Brazzers -- Grandpas' Threeway Getaway, Part 1 -- 2022-04-28 [1080p].mp4",Brazzers Exxtra,Western,49,Part,Part 1,Grandpas' Threeway Getaway,Lily Lou; Vanna Bardot; Chris Blaccwood
9632,American Bimbo Part 1 - Conservative Teen,[ZZSeries.com Brazzers.com] Kayley Gunner & Kyler Quinn - American Bimbo Part 1 - Conservative Teen (16.01.2023)(1080p).mp4,ZZ Series,Western,38,Part,Part 1,American Bimbo  - Conservative Teen,Kyler Quinn; Van Wylde; Kayley Gunner
9633,American Bimbo Part 2 - Gamer Girl,"[ZZSeries.com Brazzers.com] Lauren Phillips, Madi Collins, Abigaiil Morris - American Bimbo Part 2 - Gamer Girl (23.01.2023)(1080p).mp4",ZZ Series,Western,38,Part,Part 2,American Bimbo  - Gamer Girl,Madi Collins; Xander Corvus; Abigaiil Morris; Lauren Phillips
9634,American Bimbo Part 4 - Conservative MILF,[ZZSeries.com Brazzers.com] London River - American Bimbo Part 4 - Conservative MILF (06.02.2023)(1080p).mp4,ZZ Series,Western,42,Part,Part 4,American Bimbo  - Conservative MILF,Alex Mack; Quinton James; London River
9631,The Arrangement Part 2,fhl.19.10.11.hayli.sanders.and.rae.lil.black.mp4,Fake Hostel,Western,38,Part,Part 2,The Arrangement,Rae Lil Black; Steve Q; Hayli Sanders
9628,The Bewitcher: A DP XXX Parody Episode 2,[DigitalPlayground.com] Olive Glass - The Bewitcher A DP XXX Parody Episode 2 (2018-03-17) [1080p].mp4,Digital Playground Episodes,Western,34,Episode,Episode 2,The Bewitcher: A DP XXX Parody,Danny D; Olive Glass
9626,The Arrangement: Part 1,TeenPies.23.01.14.Emma.Starletto.And.Ophelia.Kaan.The.Arrangement.Part.1.XXX.1080p.MP4-WRB.mp4,Teen Pies,Western,27,Part,Part 1,The Arrangement,Jack Vegas; Spikey Dee; Ophelia Kaan; Emma Starletto
9623,The Arrangement Part 4: The Harvest,Daughterswap 2023-02-05 Emma Starletto Adrianna Jade.mp4,Daughter Swap,Western,46,Part,Part 4,The Arrangement : The Harvest,Clarke Kent; Jack Vegas; Adrianna Jade; Emma Starletto
9620,The Exxxceptions: Episode 4,zzs_august_monique_bb091317_1080p_12000.mp4,ZZ Series,Western,34,Episode,Episode 4,The Exxxceptions,Xander Corvus; August Ames; Monique Alexander
9619,The Bewitcher: A DP XXX Parody Episode 1,dpg.18.03.10.ella.hughes.the.bewitcher.a.dp.xxx.parody.episode.1.mp4,Digital Playground Episodes,Western,33,Episode,Episode 1,The Bewitcher: A DP XXX Parody,Danny D; Ella Hughes
9618,Casey: A True Story - Part 3,kennajames.casey.true.story.part 3.mp4,Casey: A True Story,Western,50,Part,Part 3,Casey: A True Story,Tommy Pistol; Kenna James
9617,Queen Of Thrones: Part 1 (A XXX Parody),ZZSeries.17.07.30.Rebecca.Moore.And.Tina.Kay.Queen.Of.Thrones.Part.1.A.XXX.Parody.XXX.720p-HEVC-x265-piemonster.mkv,ZZ Series,Western,35,Part,Part 1,Queen Of Thrones:  (A XXX Parody),Danny D; Rebecca More; Tina Kay
9616,Casey: A True Story - Part 2,CaseyATrueStory_KhloeKay_DanteColle_1080p.mp4,Casey: A True Story,Western,45,Part,Part 2,Casey: A True Story,Dante Colle; Khloe Kay
9609,"Episode 11: Anny, Lena & Troy",bellesafilms.lena.paul.anny.aurora.1080p.mp4,Bellesa House,Western,32,Episode,Episode 11,"Anny, Lena & Troy",Lena Paul; Troy Francisco; Anny Aurora
9602,"Episode 44: Adria, Seth and Damon",adriarae.bellesahouse.1080.mp4,Bellesa House,Western,21,Episode,Episode 44,"Adria, Seth and Damon",Seth Gamble; Damon Dice; Adria Rae
9593,Episode 58: Maya & Damon,bellesahouse.21.06.02.maya.kendrick.x265.mp4,Bellesa House,Western,37,Episode,Episode 58,Maya & Damon,Maya Kendrick; Damon Dice
9583,Episode 71: Chanel & Dante,Blind Date Chanel.mp4,Bellesa Blind Date,Western,43,Episode,Episode 71,Chanel & Dante,Dante Colle; Chanel Camryn
9577,Its Not Cheating If - S2:E1,cheatingsis.24.01.15.madison.wilde.its.not.cheating.if.mp4,Cheating Sis,Western,29,Season/Episode,S2:E1,Its Not Cheating If,Jimmy Michaels; Madison Wilde
9579,Mom Goes Nude - S1:E10,familyswap_mom_goes_nude_1920.mp4,Family Swap,Western,22,Season/Episode,S1:E10,Mom Goes Nude,Rusty Nails; Vanna Bardot; Ricky Spanish; Aaliyah Love
9576,Stepsis Scores On Gameday - S31:E11,brattysis.24.04.05.xxlayna.marie.stepsis.scores.on.gameday.mp4,Bratty Sis,Western,38,Season/Episode,S31:E11,Stepsis Scores On Gameday,Xxlayna Marie; Ethan Seeks
9575,Casey: A True Story - Part 1,adulttime.kira.noir.1080p.mp4,Casey: A True Story,Western,49,Part,Part 1,Casey: A True Story,Charles Dera; Kira Noir
9572,March 2022 Fantasy Of The Month - S3:E2,nubilefilms.22.03.01.anna.claire.clouds.and.lexi.luna.mp4,Nubile Films,Western,31,Season/Episode,S3:E2,March 2022 Fantasy Of The Month,Lexi Luna; Oliver Flynn; Anna Claire Clouds
9570,Casey: A True Story - Part 4,CaseyATrueStory_CaseyKisses_KylieLeBeau_1080p.mp4,Casey: A True Story,Western,66,Part,Part 4,Casey: A True Story,Owen Gray; Kylie Le Beau; Casey Kisses
9566,My Step Sisters Masturbate Together - S13:E3,np.jewelz.vanna.1080p.mp4,Step Siblings Caught,Western,29,Season/Episode,S13:E3,My Step Sisters Masturbate Together,Jewelz Blu; Vanna Bardot; Brad Sterling
9560,"Episode 1: Vanna, Winter & Codey",bellesahouse.21.01.06.winter.jade.and.vanna.bardot.a.perfect.balance.mp4,Bellesa House,Western,43,Episode,Episode 1,"Vanna, Winter & Codey",Codey Steele; Vanna Bardot; Winter Jade
9556,Ashford Manor Ep.1,[LustCinema] Ashford Manor Vol. I - Episode I - Nolina Nyx & Jasmine Teaa (1080p).mp4,Lust Cinema,Western,39,Episode,Ep.1,Ashford Manor,Jasmine Teaa; Nolina Nyx
9557,Ashford Manor Ep.2,"[LustCinema] Ashford Manor Vol. I - Episode II - Nolina Nyx, Jasmine Teaa & Dillon Diaz (1080p).mp4",Lust Cinema,Western,40,Episode,Ep.2,Ashford Manor,Dillon Diaz; Jasmine Teaa; Nolina Nyx
9558,Ashford Manor Ep.3,[LustCinema] Ashford Manor Vol. II - Episode I - Nicole Kitt (1080p).mp4,Lust Cinema,Western,35,Episode,Ep.3,Ashford Manor,Nicole Kitt
9559,Ashford Manor Ep.4,[LustCinema] Ashford Manor Vol. II - Episode II - Nicole Kitt & Jonte (1080p).mp4,Lust Cinema,Western,38,Episode,Ep.4,Ashford Manor,
9545,Feed Me - Episode 1,AdultTime.23.09.19.Lulu.Chu.Apollo.Banks.Feed.Me.Episode.1.XXX.1080p.HEVC.x265.PRT.mkv,Feed Me,Western,53,Episode,Episode 1,Feed Me,Lulu Chu; Apollo Banks
9544,Feed Me - Episode 2,AdultTime.23.09.19.Damon.Dice.Alex.Jones.Lulu.Chu.Feed.Me.Episode.2.XXX.1080p.HEVC.x265.PRT.mkv,Feed Me,Western,50,Episode,Episode 2,Feed Me,Alex Jones; Lulu Chu; Damon Dice
9546,Feed Me - Episode 3,AdultTime.23.09.19.September.Reign.Lulu.Chu.Feed.Me.Episode.3.XXX.1080p.HEVC.x265.PRT.mkv,Feed Me,Western,41,Episode,Episode 3,Feed Me,Lulu Chu; September Reign
9547,Feed Me - Episode 4,AdultTime.23.09.19.Tommy.Pistol.Lulu.Chu.Feed.Me.Episode.4.XXX.1080p.HEVC.x265.PRT.mkv,Feed Me,Western,36,Episode,Episode 4,Feed Me,Tommy Pistol; Lulu Chu
9541,Influence: Vanna Bardot - Part 4,Slayed 2023-09-19 Vanna Bardot Vicki Chase April Olsen.mp4,Slayed,Western,52,Part,Part 4,Influence: Vanna Bardot,Vicki Chase; Vanna Bardot; April Olsen
9538,Something Special - S38:E12,NubileFilms.21.02.09.Emily.Willis.And.Vanna.Bardot.Something.Special.XXX.1080p.HEVC.x265.PRT.mp4,Nubile Films,Western,25,Season/Episode,S38:E12,Something Special,Tyler Nixon; Emily Willis; Vanna Bardot
9539,Why Dont You Join Us - S39:E12,NubileFilms.21.06.27.Eliza.Ibarra.And.Vanna.Bardot.Why.Dont.You.Join.Us.1080p.HEVC.x265.mp4,Nubile Films,Western,30,Season/Episode,S39:E12,Why Dont You Join Us,Codey Steele; Eliza Ibarra; Vanna Bardot
9535,Influence: Vanna Bardot - Part 2,Influence Vanna Bardot - Part 2 BLACKED.mp4,Blacked,Western,59,Part,Part 2,Influence: Vanna Bardot,Jax Slayher; Vanna Bardot; Little Dragon
9529,Influence: Vanna Bardot - Part 3,Tushy 2023-09-17 Vanna Bardot 4k.mp4,Tushy,Western,44,Part,Part 3,Influence: Vanna Bardot,Alex Jones; Dante Colle; Vanna Bardot
9528,My Family Swap Sister - S1:E3,familyswap_my_family_swap_sister_1920.mp4,Family Swap,Western,26,Season/Episode,S1:E3,My Family Swap Sister,Codey Steele; Vanna Bardot; Dee Williams; Brock Doom
9526,Lick My Candy Cane - S16:E9,brattysis_lick_my_candy_cane_1920.mp4,Bratty Sis,Western,22,Season/Episode,S16:E9,Lick My Candy Cane,Nathan Bronson; Lulu Chu; Vanna Bardot
9524,Influence: Vanna Bardot - Part 1,Tushy 2023-09-10 Vanna Bardot.mp4,Tushy,Western,46,Part,Part 1,Influence: Vanna Bardot,Maximo Garcia; Vanna Bardot
9523,Influence: Vanna Bardot - Part 5,Blacked 2023-09-23 Vanna Bardot.mp4,Blacked,Western,45,Part,Part 5,Influence: Vanna Bardot,Jason Luv; Vanna Bardot
9513,Brazzers House 4: Episode 1,zzseries.23.09.19.brazzers.house.4.episode.1.mp4,ZZ Series,Western,48,Episode,Episode 1,Brazzers House 4,Alexis Tae; Mick Blue; Ricky Johnson; Blake Blossom; Emma Magnolia
9514,Brazzers House 4: Episode 2,zzseries.23.09.22.brazzers.house.4.episode.2.mp4,ZZ Series,Western,64,Episode,Episode 2,Brazzers House 4,Alex Jones; Alexis Tae; Isiah Maxwell; Mick Blue; Ricky Johnson
9515,Brazzers House 4: Episode 3,zzseries.23.09.26.brazzers.house.4.episode.3.mp4,ZZ Series,Western,49,Episode,Episode 3,Brazzers House 4,Alex Jones; Alexis Tae; Isiah Maxwell; Mick Blue; Alex Mack
9516,Brazzers House 4: Episode 4,zzseries.23.09.29.brazzers.house.4.episode.4.mp4,ZZ Series,Western,38,Episode,Episode 4,Brazzers House 4,Alex Jones; Isiah Maxwell; Alex Mack; Hollywood Cash; Nicole Doshi
9517,Brazzers House 4: Episode 5,zzseries.23.10.03.brazzers.house.4.episode.5.mp4,ZZ Series,Western,32,Episode,Episode 5,Brazzers House 4,Ricky Johnson; Scott Nails; Blake Blossom; Phoenix Marie; Jenna Foxx
9518,Brazzers House 4: Episode 6,zzseries.23.10.06.brazzers.house.4.episode.6.mp4,ZZ Series,Western,35,Episode,Episode 6,Brazzers House 4,Alex Jones; Isiah Maxwell; Mick Blue; Alex Mack; Hollywood Cash
9519,Brazzers House 4: Episode 7,zzseries.23.10.10.victoria.cakes.and.ryan.reid.brazzers.house.4.episode.7.mp4,ZZ Series,Western,34,Episode,Episode 7,Brazzers House 4,Alex Jones; Mick Blue; Ricky Johnson; Ryan Reid; Damon Dice
9520,Brazzers House 4: Episode 8,zzseries.23.10.13.brazzers.house.4.episode.8.mp4,ZZ Series,Western,32,Episode,Episode 8,Brazzers House 4,Alex Jones; Alexis Tae; Isiah Maxwell; Mick Blue; Hollywood Cash
9521,Brazzers House 4: Episode 9,zzseries.23.10.17.brazzers.house.4.episode.9.mp4,ZZ Series,Western,33,Episode,Episode 9,Brazzers House 4,Alexis Tae; Blake Blossom; Emma Magnolia; Lily Lou; Nicole Doshi
9511,I Will Fuck This Entire House Part 1,Kira Noir - I Will Fuck This Entire House Part 1 - 25.06.2024.mp4,Brazzers Exxtra,Western,33,Part,Part 1,I Will Fuck This Entire House,Alex Jones; Kira Noir; Dan Damage
9510,I Will Fuck This Entire House Part 2,"Cassie Del Isla, Kira Noir - I Will Fuck This Entire House Part 2 - 03.07.2024.mp4",Brazzers Exxtra,Western,39,Part,Part 2,I Will Fuck This Entire House,Charles Dera; Kira Noir; Cassie Del Isla
9502,One Year Limit - Scene 1,[Wicked] (BGG) One Year Limit - Anna Claire Clouds & Kylie Rocket.mp4,Wicked,Western,36,Scene,Scene 1,One Year Limit,Seth Gamble; Anna Claire Clouds; Kylie Rocket
9501,Experimenting With Friends - S41:E10,NubileFilms.22.02.28.Anna.Claire.Clouds.And.Whitney.Wright.XXX.1080p.MP4.mp4,Nubile Films,Western,34,Season/Episode,S41:E10,Experimenting With Friends,Whitney Wright; Codey Steele; Robby Apples; Anna Claire Clouds
9499,You Were Gonna Fuck My Friend - S15:E6,stepsiblingscaught_you_were_gonna_fuck_my_friend_1920.mp4,Step Siblings Caught,Western,39,Season/Episode,S15:E6,You Were Gonna Fuck My Friend,Anna Claire Clouds; Jay Rock; Lily Larimar
9493,Lawless Part 1,[Deeper.com] 2022-05-19 Kenna James and Anna Claire Clouds - Lawless Part 1 [1080p x265].mkv,Deeper,Western,44,Part,Part 1,Lawless,Troy Francisco; Kenna James; Anna Claire Clouds
9494,Lawless Part 5,[Deeper.com] Jia Lissa - Lawless Part 5 (05.10.2023) [1080p].mp4,Deeper,Western,39,Part,Part 5,Lawless,Alex Jones; Jia Lissa
9492,First Moon Party - S7:E10,PrincessCum.22.07.29.Anna.Claire.Clouds.Katie.Kush.And.Kyler.Quinn.1080p.mp4,Princess Cum,Western,22,Season/Episode,S7:E10,First Moon Party,Katie Kush; Kyler Quinn; Oliver Flynn; Anna Claire Clouds
9491,Ghosts Of Girlfriends Past - S43:E22,Nubilefilms 2022-12-22 Alex Coal Anna Claire Clouds Molly Little.mp4,Nubile Films,Western,30,Season/Episode,S43:E22,Ghosts Of Girlfriends Past,Molly Little; Alex Coal; Anna Claire Clouds; Will Pounder
9489,Lawless Part 2,"Kenna James -- @Deeper -- Lawless, Part 2 -- 2022-10-27 [1080p, x265].mp4",Deeper,Western,43,Part,Part 2,Lawless,Dante Colle; Kenna James
9488,My Crazy Ex - S42:E6,"Freya Parker, Anna Claire Clouds -- @NubileFilms -- My Crazy Ex S42E6 -- 2022-06-06 [1080p].mp4",Nubile Films,Western,32,Season/Episode,S42:E6,My Crazy Ex,Lucky Fate; Anna Claire Clouds; Freya Parker
9485,Labor Day Picnic Gets Sexual - S24:E2,Brattysis 2022-09-02 Anna Claire Clouds Penelope Kay.mp4,Bratty Sis,Western,30,Season/Episode,S24:E2,Labor Day Picnic Gets Sexual,Codey Steele; Penelope Kay; Anna Claire Clouds
9486,Lawless Part 3,Deeper 2023-08-24 Kenna James Amber Moore.mp4,Deeper,Western,40,Part,Part 3,Lawless,Maximo Garcia; Amber Moore; Kenna James
9487,Lawless Part 4,Deeper 2023-09-14 Anna Claire Clouds.mp4,Deeper,Western,42,Part,Part 4,Lawless,Alex Jones; Dante Colle; Anna Claire Clouds
9479,Happy Wife Happy Life - S41:E15,nubilefilms.22.03.21.anna.claire.clouds.and.lily.lou.happy.wife.happy.life.mp4,Nubile Films,Western,31,Season/Episode,S41:E15,Happy Wife Happy Life,Ryan Driller; Quinton James; Lily Lou; Anna Claire Clouds
9478,Stepsis And Her Friend Swap My Snowball - S1:E1,np.22.02.08.anna.claire.clouds.and.penelope.kay.mp4,Cum Swapping Sis,Western,36,Season/Episode,S1:E1,Stepsis And Her Friend Swap My Snowball,Alex Mack; Penelope Kay; Anna Claire Clouds
9464,Anna Claire Clouds Dark Side - Part 1: Caged Beauty Tamed With Anal Sex,JulesJordan 2024-09-29 Anna Claire Clouds pt1.mp4,Jules Jordan,Western,37,Part,Part 1,Anna Claire Clouds Dark Side - : Caged Beauty Tamed With Anal Sex,Manuel Ferrara; Anna Claire Clouds
9465,Anna Claire Clouds Dark Side - Part 2: First Dp,JulesJordan 2024-09-29 Anna Claire Clouds pt2.mp4,Jules Jordan,Western,42,Part,Part 2,Anna Claire Clouds Dark Side - : First Dp,Zac Wild; Anna Claire Clouds; Jules Jordan
9466,Anna Claire Clouds Dark Side – Part 4: 9-Man Gang Bang Challenge,JulesJordan 2024-09-29 Anna Claire Clouds pt4.mp4,Jules Jordan,Western,45,Part,Part 4,Anna Claire Clouds Dark Side – : 9-Man Gang Bang Challenge,Anna Claire Clouds
9456,Have Your Stepsons Cock For Dinner - S24:E8,NubilesPorn 2025-09-15 Cheerleader Kait Diana Grace.mp4,Moms Teach Sex,Western,30,Season/Episode,S24:E8,Have Your Stepsons Cock For Dinner,Cheerleader Kait; Diego Perez; Diana Grace
9455,The Blueprint Part 5,BLACKED_105800_1080P.mp4,Blacked,Western,37,Part,Part 5,The Blueprint,Jason Luv; Alina Lopez
9452,Xpervo Mr Nice The Boss Little Caprice Episode 3,LittleCaprice-Dreams.25.08.22.Little.Caprice.Xpervo.XXX.1080p.HEVC.x265.PRT.mp4,Xpervo,Western,46,Episode,Episode 3,Xpervo Mr Nice The Boss Little Caprice,Little Caprice; Marcello Bravo
9429,We're Gathered Here Today... To Fuck!  Part 2,[Brazzers] Whitney Wright - We're Gathered Here Today... To Fuck! Part 2 2025 [1080p].mp4,Brazzers Exxtra,Western,35,Part,Part 2,We're Gathered Here Today... To Fuck!,Whitney Wright; Ace Hardz
9426,We're Gathered Here Today... To Fuck! Part 3,Brazzers 2025-09-20 Liz Jordan.mp4,Brazzers Exxtra,Western,37,Part,Part 3,We're Gathered Here Today... To Fuck!,Kyle Mason; Will Pounder; Mazee The Goat; Liz Jordan; Eddie Jaye
9424,A Summer Barbeque For My Swap Family Gets Hot - S7:E7,familyswap.2023.06.22.lana.smalls.and.lexi.luna.a.summer.barbeque.for.my.swap.family.gets.hot.mp4,Family Swap,Western,22,Season/Episode,S7:E7,A Summer Barbeque For My Swap Family Gets Hot,Vince Karter; Lana Smalls; Lexi Luna; Tyler Cruise
9412,They Caught Us Watching Porn - S5:E1,MomLover 2025-09-11 Diana Grace Lily Lebeau.mp4,Mom Swapped,Western,26,Season/Episode,S5:E1,They Caught Us Watching Porn,Lily LaBeau; Tyler Cruise; Diego Perez; Diana Grace
9413,Those Will Turn Your Cum Blue Stepbro - S33:E1,NubilesPorn 2024-05-14 Lana Smalls Sera Ryder.mp4,My Family Pies,Western,30,Season/Episode,S33:E1,Those Will Turn Your Cum Blue Stepbro,Lana Smalls; Ricky Spanish; Sera Ryder
9379,Pornstar Matchmaker: Episode 2,brazzersexxtra.25.07.10.yhivi.and.ryan.reid.pornstar.matchmaker.episode.2.mp4,Brazzers Exxtra,Western,37,Episode,Episode 2,Pornstar Matchmaker,Christian Clay; Ryan Reid; Yhivi Kim
9252,,Alexis Tae _ Maximo_VIP Ebony Anal Queen Sextape 2.mp4,,Western,57,Tape,tape 2,Alexis Tae _ Maximo_VIP Ebony Anal Queen Sex.mp4,Alexis Tae; FAV
9239,Kinky Angel Lolly Dames & Little Devil Juniper Ren Fight for Cock (TS AllStar x MotM Collab),familystrokes.25.09.12.lolly.dames.and.juniper.ren.mp4,Family Strokes,Western,40,Roman,x,Kinky Angel Lolly Dames & Little Devil Juniper Ren Fight for Cock (TS AllStar  MotM Collab),Lolly Dames; Juniper Ren; Giovanni
9223,Vol. 5 - Et Tu,s3xus.e05.laney.grey.and.gia.derza.et.tu.mp4,S3XUS,Western,53,Volume,Vol. 5,Et Tu,Laney Grey; Brad Newman; Gia Derza
9221,Vol.28 - Chamber of Secrets,s3xus.24.01.26.kylie.taylor.and.kathryn.mae.vol.28.chamber.of.secrets.xxx.mp4,S3XUS,Western,41,Volume,Vol.28,Chamber of Secrets,Kylie Taylor; Kathryn Mae
9191,Vol. 3 - Down The Rabbit Hole,s3xus.23.06.29.lily.starfire.vol.03.down.the.rabbit.hole.xxx.mp4,S3XUS,Western,31,Volume,Vol. 3,Down The Rabbit Hole,Brad Newman; Lily Starfire
9189,Deadly Vows - Episode 2,DigitalPlayground 2025-09-15 Yhivi.mp4,Blockbuster,Western,35,Episode,Episode 2,Deadly Vows,J Mac; Yhivi Kim
9177,Karami-zakari 2 Original Work: Airi Katsura Over 4 Million Copies Sold - Series Collaboration Chapter 2,mimk00132.mkv,まんきつ,Western,121,Chapter,Chapter 2,Karami-zakari 2 Original Work: Airi Katsura Over 4 Million Copies Sold - Series Collaboration,石原希望; 小野六花
9174,Once Upon A Time In The Valley: Episode 7 - The Breaking Point,Wicked The Breaking Point Once Upon A Time in The Valley.mp4,Wicked,Western,45,Episode,Episode 7,Once Upon A Time In The Valley:  - The Breaking Point,Ken Feels; Parker Ambrose; Ameena Green
9171,Lumi Ray Malibu Part 1,ATKGirlfriends.22.04.06.Lumi.Ray.Malibu.1.XXX.1080p.mp4,ATK Girlfriends,Western,23,Part,Part 1,Lumi Ray Malibu,Lumi Ray
9158,,Swame Bus Episode 1.mp4,Dorcel Club,Western,26,Episode,Episode 1,Swame Bus .mp4,
9159,,Swame Bus Episode 10.mp4,Dorcel Club,Western,28,Episode,Episode 10,Swame Bus .mp4,
9160,,Swame Bus Episode 2.mp4,Dorcel Club,Western,31,Episode,Episode 2,Swame Bus .mp4,
9161,,Swame Bus Episode 3.mp4,Dorcel Club,Western,30,Episode,Episode 3,Swame Bus .mp4,
9162,,Swame Bus Episode 4.mp4,Dorcel Club,Western,32,Episode,Episode 4,Swame Bus .mp4,
9163,,Swame Bus Episode 5.mp4,Dorcel Club,Western,45,Episode,Episode 5,Swame Bus .mp4,
9164,,Swame Bus Episode 6.mp4,Dorcel Club,Western,43,Episode,Episode 6,Swame Bus .mp4,
9165,,Swame Bus Episode 7.mp4,Dorcel Club,Western,28,Episode,Episode 7,Swame Bus .mp4,
9166,,Swame Bus Episode 8.mp4,Dorcel Club,Western,56,Episode,Episode 8,Swame Bus .mp4,
9167,,Swame Bus Episode 9.mp4,Dorcel Club,Western,38,Episode,Episode 9,Swame Bus .mp4,
9155,Rocco's Perverted Secretaries #11 - Episode 1,RoccosPervertedSecretaries11_s01_RaulCosta_LumiRay_1080p.mp4,Rocco Siffredi,Western,43,Episode,Episode 1,Rocco's Perverted Secretaries #11,Lumi Ray; Raul Costa; Claire Roos
9120,Top 10  #19-17 Arab Teen Creampie,[Jay Bank Presents] 19-17 Arab Teen Creampie (18 Auditions).mp4,Jay Bank Presents,Western,71,Numbered,#19,Top 10  -17 Arab Teen Creampie,Jay Bank; Delilah Dagger
9100,The Blueprint Part 4,Blacked 2025-09-10 Serenity Cox.mp4,Blacked,Western,45,Part,Part 4,The Blueprint,Jax Slayher; Sheem the Dream; Serenity Cox; Sly Diggler; Hollywood Cash
9031,Deadly Vows - Episode 1,dpg.25.09.08.ryan.reid.destiny.mira.and.scarlett.alexis.deadly.vows.episode.1.mp4,Blockbuster,Western,39,Episode,Episode 1,Deadly Vows,Scarlett Alexis; Ricky Johnson; Robby Apples; Chad Alva; Ryan Reid
8997,Aoharu Snatch - 1,Aoharu.Snatch.01.1440p.Upscaled.EngSub-mlnl.mkv,Queen Bee,Anime,20,Numbered, - 1,Aoharu Snatch,
8998,Aoharu Snatch - 2,Aoharu.Snatch.02.1440p.Upscaled.EngSub-mlnl.mkv,Queen Bee,Anime,20,Numbered, - 2,Aoharu Snatch,
8999,Gakuen Saimin Reido - 1,Gakuen Saimin Reido - 01 (Upscale).mkv,MS Pictures,Anime,28,Numbered, - 1,Gakuen Saimin Reido,
9000,Gakuen Saimin Reido - 2,Gakuen Saimin Reido - 02 (Upscale).mkv,MS Pictures,Anime,30,Numbered, - 2,Gakuen Saimin Reido,
9001,Gakuen Saimin Reido - 3,Gakuen Saimin Reido - 03 (Upscale).mkv,MS Pictures,Anime,27,Numbered, - 3,Gakuen Saimin Reido,
8970,,Itsmecat x Lilah Anne The Milkmen 4Some_1080p.mp4,,Western,34,Roman,x,Itsmecat  Lilah Anne The Milkmen 4Some_1080p.mp4,Itsmecat; Lilah Anne
8955,Our Boyfriends Get Fear Boners - S49:E7,NubileFilms 2025-09-05 Cheerleader Kait Isabella Jules.mp4,Nubile Films,Western,30,Season/Episode,S49:E7,Our Boyfriends Get Fear Boners,Codey Steele; Robby Apples; Cheerleader Kait; Isabella Jules
8950,Concept: XXX Files - Episode 2,mylflabs.25.05.21.aaliyah.love.mp4,MYLF Labs,Western,31,Episode,Episode 2,Concept: XXX Files,Anthony Pierce; Aaliyah Love
8945,Concept: XXX Files - Episode 3,TeamSkeet 2025-09-05 Chloe Rose Ryan Keely.mp4,TeamSkeet Labs,Western,45,Episode,Episode 3,Concept: XXX Files,Mike Mancini; Chloe Rose; Ryan Keely; Axel Haze
8943,I Can See Stepbros Dick Anytime I Ask - S38:E1,BrattySis 2025-09-05 Rose Caarter Melody Marks Rose.mp4,Bratty Sis,Western,22,Season/Episode,S38:E1,I Can See Stepbros Dick Anytime I Ask,Lucky Fate; Melody Marks; Rose Carter
8917,V-Card Stepmom Scam,MommysBoy 2025-09-03 Dana Vespoli.mp4,Mommy's Boy,Western,58,Roman,V,Card Stepmom Scam,Elias Cash; Tommy Pistol; Dana Vespoli
8910,Clash Of The Vikings - Episode 2,dpg.25.09.01.amirah.adara.and.catherine.knight.clash.of.the.vikings.episode.2.mp4,Digital Playground Episodes,Western,38,Episode,Episode 2,Clash Of The Vikings,Xander Corvus; Amirah Adara; Catherine Knight
8906,Dont Tell My Mom - S37:E12,brattysis.25.08.29.lulu.chu.dont.tell.my.mom.mp4,Bratty Sis,Western,22,Season/Episode,S37:E12,Dont Tell My Mom,Lulu Chu; Sage Roux
8893,Allie Addison's Day Off - Part 3,bffs.23.12.27.allie.addison.eden.west.and.serena.hill.allies.day.off.part.3.mp4,BFFs,Western,51,Part,Part 3,Allie Addison's Day Off,Serena Hill; Nicky Rebel; Allie Addison; Eden West
8891,Whos Your Favorite - S13:E3,[brattysis.com] - 2020.02.28 - Allie Addison & Harmony Wonder - Whos Your Favorite (1080p).mp4,Bratty Sis,Western,38,Season/Episode,S13:E3,Whos Your Favorite,Jay Rock; Allie Addison; Harmony Wonder
8886,Stepsisters Pussy Is Trouble - S26:E2,stepsiblingscaught.24.03.23.myra.moans.stepsisters.pussy.is.trouble.mp4,Step Siblings Caught,Western,27,Season/Episode,S26:E2,Stepsisters Pussy Is Trouble,Jay Romero; Myra Moans
8883,My Virginity is a Burden VI,missa_myvirginityisaburden6_51941230524m1080.mp4,MissaX,Western,47,Roman,VI,My Virginity is a Burden,Myra Moans; Chad White
8874,Stepsisters Of Christmas Past - S31:E6,NubilesPorn 2023-12-11 Jill Kassidy Myra Moans Xxlayna Marie.mp4,My Family Pies,Western,31,Season/Episode,S31:E6,Stepsisters Of Christmas Past,Xxlayna Marie; Myra Moans; Juan El Caballo Loco; Jill Kassidy
8875,The Cookie Girl - S2:E4,NubilesPorn 2024-04-19 Britt Blair Myra Moans.mp4,Cheating Sis,Western,26,Season/Episode,S2:E4,The Cookie Girl,Jimmy Michaels; Myra Moans; Britt Blair
8870,Do You Want To Play A Game - S29:E2,"Megan Marx, Myra Moans - Do You Want To Play A Game - S29E2 (13.10.2023)_1080p.mp4",Bratty Sis,Western,30,Season/Episode,S29:E2,Do You Want To Play A Game,Parker Ambrose; Myra Moans; Megan Marx
8866,Stepsis And I Find A Way To Get Along - S28:E7,brattysis.23.08.25.myra.moans.stepsis.and.i.find.a.way.to.get.along.mp4,Bratty Sis,Western,23,Season/Episode,S28:E7,Stepsis And I Find A Way To Get Along,Myra Moans; Jay Rock
8851,Muse Episode 4,lena paull.mp4,Deeper,Western,32,Episode,Episode 4,Muse,Lena Paul; Troy Francisco
8841,Muse Episode 1,make_love_not_war_1080p.mp4,Deeper,Western,68,Episode,Episode 1,Muse,Dante Colle; Maitland Ward
8840,Muse Episode 3,maitland.ward.adriana.chechik.hb.1080p.mp4,Deeper,Western,63,Episode,Episode 3,Muse,Isiah Maxwell; Sly Diggler; Adriana Chechik; Maitland Ward
8839,Muse Episode 5,deeper.adriana.chechik.1080p.mp4,Deeper,Western,43,Episode,Episode 5,Muse,Seth Gamble; Adriana Chechik
8837,Muse episode 2,DEEPER_102363_1080P.mp4,Deeper,Western,68,Episode,episode 2,Muse,Scarlit Scandal; Rob Piper; Gianna Dior
8836,The Blueprint Part 3,BLACKED_105798_1080P.mp4,Blacked,Western,38,Part,Part 3,The Blueprint,Jason Luv; Liz Jordan; Sarah Illustrates
8832,Muse 2 Episode 2: Every Behavior Meets a Need,deeper.ivy.wolfe.scene2_1080_x265.mp4,Deeper,Western,43,Episode,Episode 2,Muse 2 : Every Behavior Meets a Need,Manuel Ferrara; Ivy Wolfe
8833,Muse 2 Episode 3: What We Have Lost,deeper.lulu.chu.scene3_1080_x265.mp4,Deeper,Western,60,Episode,Episode 3,Muse 2 : What We Have Lost,Anton Harden; Lulu Chu
8835,Muse 2 Episode 4: Another’s Good,deeper.vanna.bardot.avery.cristy.scene4_1080_x265.mp4,Deeper,Western,50,Episode,Episode 4,Muse 2 : Another’s Good,Quinton James; Avery Cristy; Vanna Bardot
8834,Muse 2 Episode 5: Break the Cycle,deeper.maitland.ward.scene5_1080_x265.mp4,Deeper,Western,56,Episode,Episode 5,Muse 2 : Break the Cycle,Alex Jones; Danny Mountain; Will Pounder; Rob Piper; Maitland Ward
8831,Muse 2 Episode 1: What We Are Missing,Maitland_Ward_Aubrey Kate_Destiny Cruz_Muse 2_Episode 1_What_We_Are_Missing_x265.mp4,Deeper,Western,94,Episode,Episode 1,Muse 2 : What We Are Missing,Destiny Cruz; Pierce Paris; Maitland Ward; Aubrey Kate
8827,Once Upon A Time In The Valley: Episode 6 - Fame's Cruel Game,One upon a time in the valley 6 1080p.mp4,Wicked,Western,40,Episode,Episode 6,Once Upon A Time In The Valley:  - Fame's Cruel Game,Isiah Maxwell; Blake Blossom
8826,Yarichin Kateikyoushi Netori Houkoku - 2,[SakuraCircle] Yarichin Kateikyoushi Netori Houkoku - 02 (WEB 1280x720 HEVC AAC) [E2D0E5FA].mkv,T-Rex,Anime,15,Numbered, - 2,Yarichin Kateikyoushi Netori Houkoku,
8821,Joshi Luck! - 6,[SakuraCircle] Joshi Luck! - 06 (WEB 1280x720 HEVC AAC) [286271E2].mkv,T-Rex,Anime,16,Numbered, - 6,Joshi Luck!,
8820,Joshi Luck! - 5,[SakuraCircle] Joshi Luck! - 05 (WEB 1280x720 HEVC AAC) [E7C68C91].mkv,T-Rex,Anime,16,Numbered, - 5,Joshi Luck!,
8813,InCha Couple ga YouGal-tachi to Sex Training Suru Hanashi - 2,[SakuraCircle] InCha Couple ga YouGal-tachi to Sex Training Suru Hanashi - 02 (WEB 1280x720 h264 AAC) [250D0B65].mkv,T-Rex,Anime,15,Numbered, - 2,InCha Couple ga YouGal-tachi to Sex Training Suru Hanashi,
8812,InCha Couple ga YouGal-tachi to Sex Training Suru Hanashi - 1,[SakuraCircle] InCha Couple ga YouGal-tachi to Sex Training Suru Hanashi - 01 (WEB 1280x720 h264 AAC) [828DFAE7].mkv,,Western,15,Numbered, - 1,InCha Couple ga YouGal-tachi to Sex Training Suru Hanashi,
8794,Yarichin Kateikyoushi Netori Houkoku - 1,[SakuraCircle] Yarichin Kateikyoushi Netori Houkoku - 01 (WEB 1280x720 HEVC AAC) [21CE905F].mkv,T-Rex,Anime,16,Numbered, - 1,Yarichin Kateikyoushi Netori Houkoku,
8747,"Shadowheart from Baldur's Gate III Sucks, Fucks & Creampie",[OF-SweetieFox] Shadowheart [1080p].mp4,Sweetie Fox,Western,18,Roman,III,"Shadowheart from Baldur's Gate  Sucks, Fucks & Creampie",Sweetie Fox; Black Bull
8734,You Can Come On My Face If You Want - S37:E10,brattysis.25.08.15.harley.love.you.can.come.on.my.face.if.you.want.mp4,Bratty Sis,Western,33,Season/Episode,S37:E10,You Can Come On My Face If You Want,Jayden Marcos; Harley Love
8690,The Blueprint Part 1,Blacked 2025-08-11 Lexi Lore.mp4,Blacked,Western,49,Part,Part 1,The Blueprint,Chocolate God; Hollywood Cash; Jonathan Jordan; Lexi Lore
8689,The Blueprint Part 2,BLACKED_105788_1080P.mp4,Blacked,Western,36,Part,Part 2,The Blueprint,Jason Luv; Angie Faith
8688,Dont Let Them See Us - S4:E10,momswapped.25.08.20.bunny.madison.and.izi.blu.sky.dont.let.them.see.us.mp4,Mom Swapped,Western,22,Season/Episode,S4:E10,Dont Let Them See Us,Lucky Fate; Diego Perez; Bunny Madison; Izi Blu Sky
8663,RK's Girl Trip: Part 3,rkprime.22.09.27.jewelz.blu.kylie.rocket.and.ryan.reid.rks.girl.trip.part.3.mp4,RK Prime,Western,34,Part,Part 3,RK's Girl Trip,Lawson Jones; Jewelz Blu; Ryan Reid; Kylie Rocket; Air Thugger
8661,Truckstop Fuckeries Vol. 1,brazzersexxtra.25.02.13.ryan.reid.truckstop.fuckeries.vol.1.mp4,Brazzers Exxtra,Western,35,Volume,Vol. 1,Truckstop Fuckeries,Alex Jones; Scotty P; Victor Ray; Ryan Reid
8655,Guess What Were Up To - S42:E20,Nubilefilms 2022-08-03 Ryan Reid Slimthick Vic.mp4,Nubile Films,Western,26,Season/Episode,S42:E20,Guess What Were Up To,Jay Romero; Ryan Mclane; Ryan Reid; Slimthick Vic
8653,The Brazzers Podcast: Episode 6,"Brazzers – Ryan Reid, Nicole Doshi, The Brazzers Podcast Episode 6 (1080p).mp4",Brazzers Exxtra,Western,44,Episode,Episode 6,The Brazzers Podcast,Manuel Ferrara; Nicole Doshi; Abella Danger; Ryan Reid
8635,Cadet Khloe Part 1: A Star Student,[InnocentHigh.com TeamSkeet.com] Khloe Kapri - Cadet Khloe Part 1 - A Star Student (13.05.2023)(1080p).mp4,Innocent High,Western,44,Part,Part 1,Cadet Khloe : A Star Student,GI Joey; Khloe Kapri; Barbie Dracula; Bratty Baybe
8634,Spring Breakers Part 1: Sweet Escape,"Octavia Red, Rory Knox -- @SisLovesMe -- Sweet Escape -- 2023-04-14 [1080p, x265].mp4",Sis Loves Me,Western,54,Part,Part 1,Spring Breakers : Sweet Escape,Nathan Bronson; Octavia Red; Rory Knox
8633,Spring Breakers Part 3: Welcome to Skeetsville,Freeusefantasy 2023-04-29 Rory Knox Octavia Red Jasmine Wilde.mp4,Freeuse Fantasy,Western,53,Part,Part 3,Spring Breakers : Welcome to Skeetsville,Donnie Rock; Charles Dera; Octavia Red; Jasmine Wilde; Rory Knox
8631,Cadet Khloe Part 2: Khloe Craves Cock,BFFs 2023-05-20 Chloe Temple Freya Von Doom Khloe Kapri.mp4,BFFs,Western,62,Part,Part 2,Cadet Khloe : Khloe Craves Cock,Jimmy Michaels; Khloe Kapri; Kira Handcock; Freya Von Doom; Chloe Temple
8632,Spring Breakers Part 2: Girl Heist,Bffs 2023-04-19  Rory Knox Octavia Red Jasmine Wilde.mp4,BFFs,Western,59,Part,Part 2,Spring Breakers : Girl Heist,Octavia Red; Jasmine Wilde; Rory Knox
8630,Cadet Khloe Part 3: Memorial Day Her Way,FamilyStrokes 2023-05-26 Khloe Kapri.mp4,Family Strokes,Western,73,Part,Part 3,Cadet Khloe : Memorial Day Her Way,Khloe Kapri; Parker Ambrose; Barbie Dracula; Kira Handcock; Sergeant Miles
8625,The House Bunny Part 1: Fucking Like a Lady,[MYLF] The House Bunny Part 1 Fucking Like a Lady 03.05.2024.mp4,Milfty,Western,34,Part,Part 1,The House Bunny : Fucking Like a Lady,Maya Woulfe; Charlotte Sins; Bobbi Shay; Bunny Madison; Jade Valentine
8626,The House Bunny Part 2: Bunnies at Play,[MYLF] The House Bunny Part 2 Bunnies at Play 15.05.2024.mp4,Bad Milfs,Western,35,Part,Part 2,The House Bunny : Bunnies at Play,Maya Woulfe; Aria Banks; Tyler Cruise; Athena Heart; Charlotte Sins
8623,The House Bunny Part 3: The Tightest Bond,MYLF 2024-05-20 Charlotte Sins Bunny Madison Jade Valentine.mp4,Mylfwood,Western,38,Part,Part 3,The House Bunny : The Tightest Bond,Donnie Rock; Maya Woulfe; Charlotte Sins; Bunny Madison; Jade Valentine
8615,The Summoning: Part 3,SisSwap.22.10.23.Macy.Meadows.And.Leana.Lovings.The.Summoning.Part.3.XXX.1080p.MP4-WRB.mp4,Sis Swap,Western,45,Part,Part 3,The Summoning,Nicky Rebel; Peter Green; Leana Lovings; Macy Meadows
8610,The Summoning Part 2,Familystrokes 2022-10-13 Leana Lovings Mandy Waters.mp4,Family Strokes,Western,40,Part,Part 2,The Summoning,Leana Lovings; Sergeant Miles; Mandy Waters
8611,The Summoning: Part 1,Freeusefantasy 2022-10-08 Leana Lovings Mandy Waters.mp4,Freeuse Fantasy,Western,44,Part,Part 1,The Summoning,Nicky Rebel; Leana Lovings; Joshua Lewis; Mandy Waters
8601,Pussy Game 2/Ep1/Game Start MDL-0010-1,MDL-0010-1.mp4,Model Media Asia,Western,42,Episode,Ep1,Pussy Game 2//Game Start MDL-0010-1,Rae Lil Black; Xia Qing-Zi; Ai Xi; Wu Meng Meng; Li Rong Rong
8602,Pussy Game 2/Ep2/Gangbang And The Spy Squirting MDL-0010-2,MDL-0010-2.mp4,Model Media Asia,Western,38,Episode,Ep2,Pussy Game 2//Gangbang And The Spy Squirting MDL-0010-2,Rae Lil Black; Xia Qing-Zi; Ai Xi
8599,Perverted Secretaries #15,Britney Dutch( Rocco's Perverted Secretaries #15)1080p.mp4,Rocco Siffredi,Western,36,Numbered,#15,Perverted Secretaries,Britney Dutch; Lorenzo Viota; Francis_x
8550,S2E7: Let's Play A Game,Teamskeet 2022-10-11 Kimmy Kim.mp4,Tiny Sis,Western,47,Season/Episode,S2E7,Let's Play A Game,Kimmy Kimm; Giovanni Francesco
8542,"Fashionistas, Scene #05",The Fashionistas Disc 2 1920X1080 x265.m4v,Evil Angel,Western,125,Numbered,#05,"Fashionistas, Scene",Manuel Ferrara; Rocco Siffredi; Monique Alexander; Careena Collins; Caroline Pierce
8541,"Fashionistas, Scene #05",The Fashionistas Disc 1 1920X1080 x265.m4v,Evil Angel,Western,128,Numbered,#05,"Fashionistas, Scene",Manuel Ferrara; Rocco Siffredi; Monique Alexander; Careena Collins; Caroline Pierce
8534,Underworld Scene 1,Underworld Movie.mp4,Wicked,Western,139,Scene,Scene 1,Underworld,Jessica Drake; Steven St. Croix
8531,Fallen 2 Scene 6,Fallen 2 Scene 6.mp4,Wicked,Western,28,Scene,Scene 6,Fallen 2,Tommy Pistol; Jessica Drake
8530,Fallen 2 Scene 5,Fallen 2 Scene 5.mp4,Wicked,Western,28,Scene,Scene 5,Fallen 2,Leigh Raven; Brad Armstrong
8525,Fallen Scene 8,Fallen Scene 9.mp4,Wicked,Western,21,Scene,Scene 8,Fallen,Jessica Drake; Niko; Shyla Stylez
8519,Fallen Scene 2,Fallen Scene 2.mp4,Wicked,Western,25,Scene,Scene 2,Fallen,Eric Masterson; Barry Scott; Derrick Pierce; Ryder Skye; Brad Armstrong
8521,Fallen Scene 4,Fallen Scene 4.mp4,Wicked,Western,18,Scene,Scene 4,Fallen,Tommy Gunn; Marcus London; Jennifer Dark
8524,Fallen Scene 5,Fallen Scene 5.mp4,Wicked,Western,23,Scene,Scene 5,Fallen,Brad Armstrong; Jessica Drake
8523,Fallen Scene 7,Fallen Scene 7.mp4,Wicked,Western,19,Scene,Scene 7,Fallen,Jessica Drake; Angie Savage
8514,Fallen 2 Scene 1,Fallen 2 Scene 1.mp4,Wicked,Western,28,Scene,Scene 1,Fallen 2,Ryan Driller; Casey Calvert; Eric Masterson; Luna Star; Derrick Pierce
8515,Fallen 2 Scene 2,Fallen 2 Scene 2.mp4,Wicked,Western,22,Scene,Scene 2,Fallen 2,Isiah Maxwell; Misty Stone; Jessica Drake
8516,Fallen 2 Scene 3,Fallen 2 Scene 3.mp4,Wicked,Western,24,Scene,Scene 3,Fallen 2,Brad Armstrong; Jenevieve Hexxx; August Taylor
8517,Fallen 2 Scene 4,Fallen 2 Scene 4.mp4,Wicked,Western,29,Scene,Scene 4,Fallen 2,John Strong; Seth Gamble; Leigh Raven
8506,Sunny Goldmelons - Scene 4,Sunny Goldmelons.mp4,Wicked,Western,121,Scene,Scene 4,Sunny Goldmelons,Nathan Bronson; Melody Marks
8497,Breadcrumbs - Episode 3,"[WICKED] Breadcrumbs Episode 3 Siri Dahl, Lexi Luna.mp4",Wicked,Western,55,Episode,Episode 3,Breadcrumbs,Lexi Luna; Siri Dahl
8496,Breadcrumbs  - Episode 4,"[WICKED] Breadcrumbs Episode 4 Seth Gamble, Emma Hix, Lexi Luna.mp4",Wicked,Western,46,Episode,Episode 4,Breadcrumbs,Seth Gamble; Lexi Luna; Emma Hix
8495,Breadcrumbs - Episode 2,"[WICKED] Breadcrumbs Episode 2 Seth Gamble, Melissa Stratton.mp4",Wicked,Western,40,Episode,Episode 2,Breadcrumbs,Seth Gamble; Melissa Stratton
8494,Breadcrumbs - Episode 1,"[WICKED] Breadcrumbs Episode 1 Seth Gamble, Lexi Luna.mp4",Wicked,Western,36,Episode,Episode 1,Breadcrumbs,Seth Gamble; Lexi Luna
8493,The 66th Day - Scene 3,"[WICKED] 66th Day Episode 3 Lexington Steele, Vanna Bardot.mp4",Wicked,Western,57,Scene,Scene 3,The 66th Day,Lexington Steele; Vanna Bardot
8492,The 66th Day - Scene 4,"[WICKED] 66th Day Episode 4 Vanna Bardot, Demi Hawks, Hazel Grace, Penny Barber.mp4",Wicked,Western,58,Scene,Scene 4,The 66th Day,Penny Barber; Demi Hawks; Vanna Bardot; Hazel Grace
8491,The 66th Day - Scene 1,"[WICKED] 66th Day Episode 1 Codey Steele, Vanna Bardot.mp4",Wicked,Western,55,Scene,Scene 1,The 66th Day,Codey Steele; Vanna Bardot
8490,The 66th Day - Scene 2,"[WICKED] 66th Day Episode 2 Codey Steele, Lexington Steele, Vanna Bardot.mp4",Wicked,Western,46,Scene,Scene 2,The 66th Day,Codey Steele; Lexington Steele; Vanna Bardot
8486,My Ex Has A New Girlfriend - S41:E1,nubilefilms.22.01.14.evelyn.claire.and.maya.woulfe.my.ex.has.a.new.girlfriend.mp4,Nubile Films,Western,34,Season/Episode,S41:E1,My Ex Has A New Girlfriend,Maya Woulfe; Will Pounder; Evelyn Claire
8482,Family Favors 3 Scene 2,familysinners.22.05.20.maya.woulfe.family.favors.mp4,Family Sinners,Western,33,Scene,Scene 2,Family Favors 3,Maya Woulfe; Tommy Pistol
8478,Once Upon A Time In The Valley: Episode 2 - Rising Stars,"[WICKED]Once Upon A Time In The Valley Episode 2 Jennifer White, Parker Ambrose, Stella Luxx.mp4",Wicked,Western,49,Episode,Episode 2,Once Upon A Time In The Valley:  - Rising Stars,Stella Luxx; Jennifer White; Parker Ambrose
8476,Once Upon A Time In The Valley: Episode 3 - Jealousy & Betrayal,"[WICKED]Once Upon A Time In The Valley Episode 3 Cherry Kiss, Christian Clay.mp4",Wicked,Western,35,Episode,Episode 3,Once Upon A Time In The Valley:  - Jealousy & Betrayal,Christian Clay; Cherry Kiss
8477,Once Upon A Time In The Valley: Episode 4 - Secrets & Scandals,"[WICKED]Once Upon A Time In The Valley Episode 4 Nathan Bronson, Melissa Stratton.mp4",Wicked,Western,53,Episode,Episode 4,Once Upon A Time In The Valley:  - Secrets & Scandals,Nathan Bronson; Melissa Stratton
8479,Once Upon A Time In The Valley: Episode 5 - Shadows Of The Past,"[WICKED]Once Upon A Time In The Valley Episode 5 Zac Wild, Gal Ritchie.mp4",Wicked,Western,44,Episode,Episode 5,Once Upon A Time In The Valley:  - Shadows Of The Past,Gal Ritchie; Zac Wild
8475,Once Upon A Time In The Valley: Episode 1 - Welcome to the Valley,"[WICKED]Once Upon A Time In The Valley Episode 1 Ken Feels, Sinatra Monroe.mp4",Wicked,Western,40,Episode,Episode 1,Once Upon A Time In The Valley:  - Welcome to the Valley,Ken Feels; Sinatra Monroe
8474,Twat The Night Before Christmas - S23:E1,[MyFamilyPies] 21.12.21 Andi Rose and Maya Woulfe_Twat The Night Before Christmas_1080p_x265.mp4,My Family Pies,Western,43,Season/Episode,S23:E1,Twat The Night Before Christmas,Maya Woulfe; Andi Rose; Clarke Kent
8466,Going Up - Episode 4,going-up-s01e04.mp4,Lust Cinema,Western,26,Episode,Episode 4,Going Up,Maya Woulfe; Victoria Voxxx
8467,Going Up - Episode 5,going-up-s01e05.mp4,Lust Cinema,Western,18,Episode,Episode 5,Going Up,Lilly Bell; Seth Gamble
8468,Going Up - Episode 6,going-up-s01e06.mp4,Lust Cinema,Western,36,Episode,Episode 6,Going Up,Maya Woulfe; Kira Noir; Lilly Bell; Isiah Maxwell; Charlotte Sartre
8464,Going Up - Episode 2,going-up-s01e02.mp4,Lust Cinema,Western,27,Episode,Episode 2,Going Up,Maya Woulfe; Charlotte Sartre
8465,Going Up - Episode 3,going-up-s01e03.mp4,Lust Cinema,Western,29,Episode,Episode 3,Going Up,Brad Newman; Ryan Keely
8463,Going Up - Episode 1,going-up-s01e01.mp4,Lust Cinema,Western,25,Episode,Episode 1,Going Up,Seth Gamble; Anna Claire Clouds
8460,My New Years Resolution Is My Stepsisters Pussy - S23:E2,mfp.21.12.27.lulu.chu.and.maya.woulfe.mp4,My Family Pies,Western,29,Season/Episode,S23:E2,My New Years Resolution Is My Stepsisters Pussy,Maya Woulfe; Codey Steele; Lulu Chu
8461,My Stepsister Thinks She Has A Super Pussy - S19:E6,myfamilypies.21.07.21.maya.woulfe_x265.mp4,My Family Pies,Western,25,Season/Episode,S19:E6,My Stepsister Thinks She Has A Super Pussy,Rion King; Maya Woulfe
8456,"Flourish Univ Ep 01 - Foursome of Maya, Isiah, Tommy, Margarita",Maya_Woulfe_-_Fl0uriH_University_Episode_01_-_Foursome_Of_Maya_Isiah_Tommy_Margarita_-_1080p.mp4,,Western,33,Episode,Ep 01,"Flourish Univ  - Foursome of Maya, Isiah, Tommy, Margarita",Maya Woulfe; Isiah Maxwell; Tommy Pistol
8453,American Stud - Part 1,Wicked 2023-11-03 Aiden Ashley.mp4,Wicked,Western,24,Part,Part 1,American Stud,Seth Gamble; Aiden Ashley
8454,American Stud - Part 4,Wicked 2023-11-24 Cam Damage Jessie Saint.mp4,Wicked,Western,33,Part,Part 4,American Stud,Seth Gamble; Jessie Saint; Cam Damage
8452,American Stud - Part 2,Wicked 2023-11-10 Maya Woulfe.mp4,Wicked,Western,23,Part,Part 2,American Stud,Maya Woulfe; Ramon Nomar; Seth Gamble
8451,American Stud - Part 3,AmericanStud_s03_EvanStone_CocoLovelock_1080p.mp4,Wicked,Western,29,Part,Part 3,American Stud,Evan Stone; Coco Lovelock
8434,Lucy Foxx in Step Daughters Best Friend Vol 2 (Part 4),TabooHeat.25.03.17.Cory.Chase.and.Lucy.Foxx.XXX.1080p.mp4,Taboo Heat,Western,18,Part,Part 4,Lucy Foxx in Step Daughters Best Friend Vol 2 (),Lucy Foxx; Cory Chase; Luke Longly
8432,Lucy Foxx in Step Daughters Best Friend Vol 2 (Parts 1-2),TabooHeat.25.03.10.Lucy.Foxx.XXX.1080p.mp4,Taboo Heat,Western,40,Volume,Vol 2,Lucy Foxx in Step Daughters Best Friend  (Parts 1-2),Lucy Foxx; Luke Longly
8414,Swap Family Learns Self Defense - S10:E8,familyswap_06aug_1080.mp4,Family Swap,Western,24,Season/Episode,S10:E8,Swap Family Learns Self Defense,Jimmy Michaels; Chad White; Isabella Jules; Alexis Malone
8346,Fatherly Alterations Pt. 2,daughter.16.10.14.riley.nixon.mp4,Daughter Swap,Western,30,Part,Pt. 2,Fatherly Alterations,Jack Vegas; Marcus London; Dolly Leigh; Riley Nixon
8341,The Olympic Interchange PT.2,daughter.16.09.09.maya.kendrick.the.olympic.interchange.mp4,Daughter Swap,Western,18,Part,PT.2,The Olympic Interchange,Eric John; Maya Kendrick; Filthy Rich; Blair Williams
8335,Girls Behaving Badly Pt.2,daughter.16.08.05.molly.mae.and.jade.jantzen.girls.behaving.badly.mp4,Daughter Swap,Western,15,Part,Pt.2,Girls Behaving Badly,Juan Largo; Jimmy Dix; Molly Mae; Jade Jantzen
8329,"Besties Share Everything, Even Dads Pt.2",daughters.16.07.01.nami.dahlia.besties.share.everything.even.dads.mp4,Daughter Swap,Western,31,Part,Pt.2,"Besties Share Everything, Even Dads",Tommy Gunn; Moe Johnson; Yhivi Kim; Nami Dahlia
8322,Graduation Pt.2,daughters.16.05.27.nicole.bexley.graduation.mp4,Daughter Swap,Western,30,Part,Pt.2,Graduation,Brannon Rhodes; Tony D; Layla London; Nicole Bexley
8318,Beach Bait And Switch Pt.2,daughters.16.04.29.gina.valentina.and.kobi.brian.beach.bait.and.switch.2.mp4,Daughter Swap,Western,21,Part,Pt.2,Beach Bait And Switch,Juan Largo; Sean Lawless; Gina Valentina; Kobi Brian
8317,Beach Bait And Switch Pt.1,daughters.16.04.22.gina.valentina.and.kobi.brian.beach.bait.and.switch.mp4,Daughter Swap,Western,23,Part,Pt.1,Beach Bait And Switch,Gina Valentina; Kobi Brian
8313,Cheerleaders Pt.2,daughters.16.04.08.molly.manson.cheerleaders.mp4,Daughter Swap,Western,23,Part,Pt.2,Cheerleaders,Eric John; Alexa Grace; J. Crew; Molly Manson
8311,Cheerleaders Pt.1,daughterswap.16.04.01.alexa.grace.cheerleaders.mp4,Daughter Swap,Western,37,Part,Pt.1,Cheerleaders,Eric John; Alexa Grace; J. Crew; Molly Manson
8309,Poker Night Swap Pt.2,daughterswap.16.03.22.shane.blair.poker.night.swap.mp4,Daughter Swap,Western,24,Part,Pt.2,Poker Night Swap,Filthy Rich; Tommy Gunn; Zoe Parker; Shane Blair
8305,Fathers Deal (Vacation Weekend) Pt.2,daughterswap.16.03.22.liza.rowe.fathers.deal.mp4,Daughter Swap,Western,31,Part,Pt.2,Fathers Deal (Vacation Weekend),Ryan Mclane; Eric John; Elsa Jean; Liza Rowe
8302,Fathers Deal (Vacation Weekend) Pt.1,daughterswap.16.03.22.elsa.dream.fathers.deal.mp4,Daughter Swap,Western,23,Part,Pt.1,Fathers Deal (Vacation Weekend),Ryan Mclane; Eric John; Elsa Jean; Liza Rowe
8300,Poker Night Swap Pt.1,daughterswap.16.03.09.zoe.parker.poker.night.swap.mp4,Daughter Swap,Western,35,Part,Pt.1,Poker Night Swap,Filthy Rich; Tommy Gunn; Zoe Parker; Shane Blair
8282,Mind Games - Episode 2,DigitalPlayground.24.08.12.Charlie.Forde.Mind.Games.Episode.2.XXX.2160p.MP4-WRB.mp4,Episodes,Western,35,Episode,Episode 2,Mind Games,Sophia Locke; Charlie Forde; Derrick Pierce
8239,Dirty Cops - Episode 3,dpg.24.06.17.connie.perignon.and.xwife.karen.dirty.cops.episode.3.4k.mp4,Digital Playground Episodes,Western,39,Episode,Episode 3,Dirty Cops,J Mac; Connie Perignon; Xwife Karen
8234,Nicole Does Anal Part 3,[JackandJill] Foursome + Nicole's Anal Creampie  (Ticket Show 20-04-2024) [1080p].mp4,JackandJillVR,Western,67,Part,Part 3,Nicole Does Anal,Jak Palmer; Jill Palmer; Ginger Grey; Nicole Vaunt
8074,Ghosted - Episode 4,dpg.24.10.28.jasmine.sherni.ghosted.episode.4.4k.mp4,Digital Playground Episodes,Western,42,Episode,Episode 4,Ghosted,Xander Corvus; Danny D; Jasmine Sherni
8073,Scandalous - Scene 2,dpg.24.04.15.marina.maya.and.catherine.knight.scandalous.scene.2.mp4,Digital Playground Episodes,Western,44,Scene,Scene 2,Scandalous,Juan Lucho; Marina Maya; Catherine Knight
8071,Evermore - Episode 3,dpg.23.11.20.valentina.nappi.evermore.ep.3.mp4,DP World,Western,35,Episode,Episode 3,Evermore,Xander Corvus; Danny D; Agatha Vega; Valentina Nappi; Sophie Reade
8069,Mind Games - Episode 3,DigitalPlayground.24.08.19.Sophia.Locke.And.Chloe.Surreal.Mind.Games.Episode.3.XXX.2160p.MP4-WRB.mp4,Digital Playground Episodes,Western,41,Episode,Episode 3,Mind Games,Sophia Locke; Chloe Surreal; Hollywood Cash
8065,Uncaged - Episode 4,dpg.25.02.24.megan.fiore.uncaged.episode.4.mp4,Digital Playground Episodes,Western,36,Episode,Episode 4,Uncaged,Juan Lucho; Megan Fiore
8063,Gold Diggers - Episode 2,dpg.24.03.11.vicki.chase.gold.diggers.episode.2.mp4,Digital Playground Episodes,Western,36,Episode,Episode 2,Gold Diggers,Scott Nails; Vicki Chase
8062,Gold Diggers - Episode 3,dpg.24.03.18.adria.rae.gold.diggers.episode.3.mp4,Digital Playground Episodes,Western,39,Episode,Episode 3,Gold Diggers,Alex Jones; Adria Rae
8061,Juicy Silver - Episode 3,dpg.23.10.16.juicy.silver.episode.3.4k.mp4,Digital Playground Episodes,Western,27,Episode,Episode 3,Juicy Silver,Alex Legend; James Angel; Nicole Doshi; Ryan Reid; Jennie Rose
8060,Evermore - Episode 2,dpg.23.11.13.agatha.vega.evermore.ep.2.4k.mp4,DP World,Western,28,Episode,Episode 2,Evermore,Christian Clay; Juan Lucho; Agatha Vega; Sophie Reade
8046,Nevermore Episode 1,[DigitalPlayground] Natalia Starr - Nevermore Episode 1 [2017-11-04] [1080p].mp4,Digital Playground Episodes,Western,36,Episode,Episode 1,Nevermore,Natalia Starr; Felix Jones
8042,Ghosted - Episode 1,DigitalPlayground.24.10.07.Yasmina.Khan.And.Frances.Bentley.Ghosted.Episode.1.XXX.2160p.MP4-WRB.mp4,Digital Playground Episodes,Western,44,Episode,Episode 1,Ghosted,Juan Lucho; Yasmina Khan; Frances Bentley
8043,Ghosted - Episode 2,DigitalPlayground.24.10.14.Jasmine.Sherni.Ghosted.Episode.2.XXX.2160p.MP4-WRB.mp4,Digital Playground Episodes,Western,30,Episode,Episode 2,Ghosted,Xander Corvus; Jasmine Sherni
8044,Ghosted - Episode 3,DigitalPlayground.24.10.21.Yasmina.Khan.Ghosted.Episode.3.XXX.2160p.MP4-WRB.mp4,Digital Playground Episodes,Western,34,Episode,Episode 3,Ghosted,Xander Corvus; Juan Lucho; Danny D; Yasmina Khan; Jasmine Sherni
8041,Payback's A Bitch - Episode 3,DigitalPlayground 2024-07-15 Chanel Camryn.mp4,Digital Playground Episodes,Western,41,Episode,Episode 3,Payback's A Bitch,Kira Noir; Zane Walker; Chanel Camryn
8040,Payback's A Bitch - Episode 4,DigitalPlayground 2024-07-22 Kira Noir.mp4,Digital Playground Episodes,Western,47,Episode,Episode 4,Payback's A Bitch,Kira Noir; Ricky Johnson; Alex Mack
8029,Machine Gunner - Episode 2,DigitalPlayground.23.06.26.Kira.Noir.Machine.Gunner.Episode.2.XXX.2160p.MP4-WRB.mp4,Digital Playground Episodes,Western,44,Episode,Episode 2,Machine Gunner,Charles Dera; Kira Noir; Tommy Pistol; Scott Nails
8030,Obsession - Episode 3,Digitalplayground 2022-10-10 Angel Youngs Theodora Day.mp4,DP World,Western,37,Episode,Episode 3,Obsession,Angel Youngs; Scott Nails; Theodora Day
8031,Wasteland Ultra - Episode 3,Digitalplayground 2022-11-21 LaSirena69 April Olsen Roxie Sinner.mp4,DP World,Western,52,Episode,Episode 3,Wasteland Ultra,Isiah Maxwell; Scott Nails; Roxie Sinner; April Olsen; Van Wylde
8027,Machine Gunner - Episode 3,dpg.23.07.10.luna.star.kira.noir.and.kayley.gunner.machine.gunner.episode.3.mp4,Digital Playground Episodes,Western,58,Episode,Episode 3,Machine Gunner,Kira Noir; Tommy Pistol; Damon Dice; Luna Star; Kayley Gunner
8026,Single Minded - Episode 2,[DigitalPlayground.com] Nicole Doshi and Baby Gemini - Single Minded Episode 2.1080p.mp4,Digital Playground Episodes,Western,48,Episode,Episode 2,Single Minded,John Strong; Nicole Doshi; Baby Gemini; King Noire
8021,Uncaged - Episode 1,DigitalPlayground 2025-01-13 Megan Fiore.mp4,Digital Playground Episodes,Western,35,Episode,Episode 1,Uncaged,Shadow Dimitri; Bilbo Shaggins; Megan Fiore
8022,Uncaged - Episode 2,DigitalPlayground 2025-01-27 Angie Lynx.mp4,Digital Playground Episodes,Western,33,Episode,Episode 2,Uncaged,Danny D; Angie Lynx
8023,Wasteland Ultra - Episode 1,Digitalplayground 2022-11-07 LaSirena69 Brooklyn Gray Angel Youngs Roxie Sinner.mp4,DP World,Western,34,Episode,Episode 1,Wasteland Ultra,Scotty P; Clarke Kent; Lawson Jones; Angel Youngs; Roxie Sinner
8024,Wasteland Ultra - Episode 4,Digitalplayground 2022-11-28 Brittney Kade Brooklyn Gray.mp4,DP World,Western,52,Episode,Episode 4,Wasteland Ultra,Charles Dera; Dante Colle; Will Pounder; Brooklyn Gray
8020,Dirty Cops - Episode 4,DigitalPlayground 2024-06-24 Nicole Kitt Penny Barber.mp4,Digital Playground Episodes,Western,51,Episode,Episode 4,Dirty Cops,Alex Jones; Isiah Maxwell; Penny Barber; Nicole Kitt
8017,Evermore - Episode 4,DigitalPlayground 2023-11-27 Agatha Vega Sophie Reade.mp4,DP World,Western,33,Episode,Episode 4,Evermore,Xander Corvus; Danny D; Agatha Vega; Sophie Reade
8019,Scandalous - Scene 4,DigitalPlayground 2024-04-29 Ella Hughes.mp4,Digital Playground Episodes,Western,32,Scene,Scene 4,Scandalous,Danny D; Ella Hughes; Papi Kocic
8018,The Shakedown - Episode 4,DigitalPlayground 2023-12-25 Natasha Nice Luna Star.mp4,Digital Playground Episodes,Western,47,Episode,Episode 4,The Shakedown,Mick Blue; Damon Dice; Natasha Nice; Luna Star
8015,Wanted: Episode 1,DigitalPlayground - Blake Blossom - Wanted - Episode 1 [1080p].mp4,Blockbuster,Western,40,Episode,Episode 1,Wanted,Parker Ambrose; Blake Blossom
8013,Synthesis - Episode 3,dpg.25.04.07.gizelle.blanco.and.ameena.green.synthesis.episode.3.mp4,Digital Playground Episodes,Western,38,Episode,Episode 3,Synthesis,Isiah Maxwell; Ameena Green; Gizelle Blanco
8012,Synthesis - Episode 2,dpg.25.03.24.ameena.green.synthesis.episode.2.mp4,Digital Playground Episodes,Western,38,Episode,Episode 2,Synthesis,Seth Gamble; Ameena Green
8011,Uncaged - Episode 3,dpg.25.02.10.yasmina.khan.and.ali.rose.uncaged.episode.3.mp4,Digital Playground Episodes,Western,29,Episode,Episode 3,Uncaged,Juan Lucho; Yasmina Khan; Ali Rose Roe
8010,Gold Diggers - Episode 4,dpg.24.03.25.kimmy.granger.and.gal.ritchie.gold.diggers.episode.4.mp4,Digital Playground Episodes,Western,45,Episode,Episode 4,Gold Diggers,Gal Ritchie; Scott Nails; Kimmy Granger
8009,Gold Diggers - Episode 5,dpg.24.04.01.kimmy.granger.and.adria.rae.gold.diggers.episode.5.mp4,Digital Playground Episodes,Western,44,Episode,Episode 5,Gold Diggers,Seth Gamble; Kimmy Granger; Adria Rae
8007,Tourist Trap - Episode 4,[Digital Playground] (BGG) Tourist Trap - Episode 4 - Luna Star & Kenna James.mp4,Digital Playground Episodes,Western,34,Episode,Episode 4,Tourist Trap,Oliver Flynn; Kenna James; Luna Star
7998,Synthesis - Episode 4,DigitalPlayground 2025-04-21 Ameena Green  Chloe Foxxe.mp4,Digital Playground Episodes,Western,39,Episode,Episode 4,Synthesis,Chloe Foxxe; Seth Gamble; Ameena Green
7999,Wanted: Episode 4,DigitalPlayground.25.06.16.Blake.Blossom.Wanted.Episode.4.XXX.1080p.HEVC.x265.HGM.mp4,Blockbuster,Western,40,Episode,Episode 4,Wanted,Isiah Maxwell; Blake Blossom
7996,Scandalous - Scene 1,DigitalPlayground 2024-04-08 Ella Hughes.mp4,Digital Playground Episodes,Western,38,Scene,Scene 1,Scandalous,Xander Corvus; Ella Hughes
7997,Synthesis - Episode 1,DigitalPlayground 2025-03-10 Little Puck.mp4,Digital Playground Episodes,Western,31,Episode,Episode 1,Synthesis,Seth Gamble; Little Puck
7881,"A Day in the Life of Margo V. Carpathians, Ukraine",hegre.23.09.19.margot.v.4k.mp4,Hegre,Western,54,Roman,V,"A Day in the Life of Margo . Carpathians, Ukraine",Margo Vishnevska
7863,My Wife’s Massage Vol 3 E3,pyx.24.08.30.eden.ivy.and.nicki.hunter.mp4,Heaven,Western,45,Volume,Vol 3,My Wife’s Massage  E3,Eden Ivy; Nicki Hunter; Parker Savage
7845,Just Stick It In - S11:E1,MomsTeachSex.Alexis.Tae.And.Ryder.Skye.Just.Stick.It.In.XXX.1080p.mkv,Moms Teach Sex,Western,29,Season/Episode,S11:E1,Just Stick It In,Alexis Tae; Kyle Mason; Ryder Skye
7777,Pirates 2 - Scene 1,Pirates.II.Stagnettis.Revenge.2008.1080p.BluRay.x265.DD.5.1-LSt.mkv,Blockbuster,Western,137,Scene,Scene 1,Pirates 2,Mick Blue; James Deen; Shay Jordan
7776,Vi Fucks Little Caitlyn Raw (Arcane Parody),Mylfed.25.07.09.Sophia.Locke.And.Selena.Love.XXX.1080p.HEVC.x265.PRT.mp4,Mylfed,Western,41,Roman,Vi,Fucks Little Caitlyn Raw (Arcane Parody),Sophia Locke; Selena Love
7717,BACK IN VIETNAM - LUNA'S JOURNEY (EPISODE 32),20230329 - BACK IN VIETNAM - LUNA'S JOURNEY (EPISODE 32) - 6424bd99f2b8a.mp4,Luna Okko,Western,24,Episode,EPISODE 32,BACK IN VIETNAM - LUNA'S JOURNEY (),Luna Okko; Evan Okko
7719,RAINY DAYS ARE FOR SEX - LUNA'S JOURNEY (EPISODE 33),20230428 - RAINY DAYS ARE FOR SEX - LUNA'S JOURNEY (EPISODE 33) - 644c23092fc62.mp4,Luna Okko,Western,16,Episode,EPISODE 33,RAINY DAYS ARE FOR SEX - LUNA'S JOURNEY (),Luna Okko; Evan Okko
7718,SEX VLOG IN THE CANARY ISLANDS - LUNA’S JOURNEY (EPISODE 31),20230226 - SEX VLOG IN THE CANARY ISLANDS - LUNA’S JOURNEY (EPISODE 31) - 63fbb96d094ee.mp4,Luna Okko,Western,23,Episode,EPISODE 31,SEX VLOG IN THE CANARY ISLANDS - LUNA’S JOURNEY (),Luna Okko; Evan Okko
7712,A DAY FULL OF LOVE & SEX - LUNA’S JOURNEY (EPISODE 27),20221031 - A DAY FULL OF LOVE & SEX - LUNA’S JOURNEY (EPISODE 27) - ph635f30497544d.mp4,Luna Okko,Western,30,Episode,EPISODE 27,A DAY FULL OF LOVE & SEX - LUNA’S JOURNEY (),Luna Okko; Evan Okko
7714,Anal Sex in Hawaii - Luna's Journey (Episode 26),20220929 - ANAL SEX IN HAWAII - LUNA'S JOURNEY (EPISODE 26) - ph6335cd8394918.mp4,Luna Okko,Western,27,Episode,Episode 26,Anal Sex in Hawaii - Luna's Journey (),Luna Okko; Evan Okko
7716,"SEA, SEX & SUN IN ZANZIBAR - LUNA’S JOURNEY (EPISODE 30)","20230117 - SEA, SEX & SUN IN ZANZIBAR - LUNA’S JOURNEY (EPISODE 30) - ph63c5f8f1e16e5.mp4",Luna Okko,Western,19,Episode,EPISODE 30,"SEA, SEX & SUN IN ZANZIBAR - LUNA’S JOURNEY ()",Luna Okko; Evan Okko
7713,SUNNY SEX IN AFRICA - LUNA'S JOURNEY (EPISODE 28),20221129 - SUNNY SEX IN AFRICA - LUNA'S JOURNEY (EPISODE 28) - ph6386596a0fad2.mp4,Luna Okko,Western,24,Episode,EPISODE 28,SUNNY SEX IN AFRICA - LUNA'S JOURNEY (),Luna Okko; Evan Okko
7715,TENT SEX IN THE SAVANNAH - LUNA'S JOURNEY (EPISODE 29),20221210 - TENT SEX IN THE SAVANNAH - LUNA'S JOURNEY (EPISODE 29) - ph6393fe30abe07.mp4,Luna Okko,Western,16,Episode,EPISODE 29,TENT SEX IN THE SAVANNAH - LUNA'S JOURNEY (),Luna Okko; Evan Okko
7704,ANAL SEX FOR VALENTINE'S DAY - LUNA'S JOURNEY (EPISODE 19),20220223 - ANAL SEX FOR VALENTINE'S DAY - LUNA'S JOURNEY (EPISODE 19) - ph62169f327984e.mp4,Luna Okko,Western,21,Episode,EPISODE 19,ANAL SEX FOR VALENTINE'S DAY - LUNA'S JOURNEY (),Luna Okko; Evan Okko
7711,FIRST TIME IN HAWAII - LUNA'S JOURNEY (EPISODE 25),20220829 - FIRST TIME IN HAWAII - LUNA'S JOURNEY (EPISODE 25) - ph630ce4bc2638c.mp4,Luna Okko,Western,22,Episode,EPISODE 25,FIRST TIME IN HAWAII - LUNA'S JOURNEY (),Luna Okko; Evan Okko
7710,HE FUCKS ME TWICE IN THE FOREST - LUNA'S JOURNEY (EPISODE 24),20220706 - HE FUCKS ME TWICE IN THE FOREST - LUNA'S JOURNEY (EPISODE 24) - ph62c60ad85702d.mp4,Luna Okko,Western,16,Episode,EPISODE 24,HE FUCKS ME TWICE IN THE FOREST - LUNA'S JOURNEY (),Luna Okko; Evan Okko
7706,Love on the Upper East Side - Luna's Journey (Episode 20),20220326 - LOVE ON THE UPPER EAST SIDE - LUNA’S JOURNEY (EPISODE 20) - ph623f79e3d0213.mp4,Luna Okko,Western,24,Episode,Episode 20,Love on the Upper East Side - Luna's Journey (),Luna Okko; Evan Okko
7705,MEXICO APARTMENT TOUR - LUNA'S JOURNEY (EPISODE 18),20211001 - MEXICO APARTMENT TOUR - LUNA'S JOURNEY (EPISODE 18) - ph615735d43f5d7.mp4,Luna Okko,Western,15,Episode,EPISODE 18,MEXICO APARTMENT TOUR - LUNA'S JOURNEY (),Luna Okko; Evan Okko
7707,Sweet Louisiana - Luna's Journey (Episode 21),20220425 - SWEET LOUISIANA - LUNA'S JOURNEY (EPISODE 21) - ph62670a709e872.mp4,Luna Okko,Western,20,Episode,Episode 21,Sweet Louisiana - Luna's Journey (),Luna Okko; Evan Okko
7708,We're Getting Married in Las Vegas - Luna's Journey (Episode 22),20220522 - WE'RE GETTING MARRIED IN LAS VEGAS - LUNA’S JOURNEY (EPISODE 22) - ph628a4b5bcccdc.mp4,Luna Okko,Western,19,Episode,Episode 22,We're Getting Married in Las Vegas - Luna's Journey (),Luna Okko; Evan Okko
7709,WEEKLY VLOG IN LOS ANGELES - LUNA’S JOURNEY (EPISODE 23),20220626 - WEEKLY VLOG IN LOS ANGELES - LUNA’S JOURNEY (EPISODE 23) - ph62b8ca660c893.mp4,Luna Okko,Western,26,Episode,EPISODE 23,WEEKLY VLOG IN LOS ANGELES - LUNA’S JOURNEY (),Luna Okko; Evan Okko
7701,A Day in Tulum - Luna's Journey (Episode 15),20210529 - A DAY IN TULUM - LUNA'S JOURNEY (EPISODE 15) - ph60b139beb9985.mp4,Luna Okko,Western,16,Episode,Episode 15,A Day in Tulum - Luna's Journey (),Luna Okko; Evan Okko
7693,COUCH SEX FOR YOUNG COUPLE - LUNA'S JOURNEY (EPISODE 7),20200802 - COUCH SEX FOR YOUNG COUPLE - LUNA'S JOURNEY (EPISODE 7) - ph5f26ea754ed39.mp4,Luna Okko,Western,14,Episode,EPISODE 7,COUCH SEX FOR YOUNG COUPLE - LUNA'S JOURNEY (),Luna Okko; Evan Okko
7692,DISCOVER THE MONSTER - LUNA'S JOURNEY (EPISODE 6),20200613 - DISCOVER THE MONSTER - LUNA'S JOURNEY (EPISODE 6) - ph5ee41d5c28248.mp4,Luna Okko,Western,19,Episode,EPISODE 6,DISCOVER THE MONSTER - LUNA'S JOURNEY (),Luna Okko; Evan Okko
7703,Fuck & Glamping - Luna's Journey (Episode 17),20210628 - FUCK & GLAMPING - LUNA'S JOURNEY (EPISODE 17) - ph60d9575585a8c.mp4,Luna Okko,Western,25,Episode,Episode 17,Fuck & Glamping - Luna's Journey (),Luna Okko; Evan Okko
7695,Holiday VLOG with Luna - Luna's Journey (Episode 9),20200921 - HOLIDAY VLOG WITH LUNA - LUNA'S JOURNEY (EPISODE 9) - ph5f6915a6f3621.mp4,Luna Okko,Western,18,Episode,Episode 9,Holiday VLOG with Luna - Luna's Journey (),Luna Okko; Evan Okko
7694,I Promise It's a Porn Video - Luna's Journey (Episode 8),20200820 - I PROMISE IT'S A PORN VIDEO - LUNA'S JOURNEY (EPISODE 8) - ph5f3e74fcb6d8c.mp4,Luna Okko,Western,18,Episode,Episode 8,I Promise It's a Porn Video - Luna's Journey (),Luna Okko; Evan Okko
7698,Lovely Sex During Our Road Trip - Luna's Journey (Episode 14),20210416 - LOVELY SEX DURING OUR ROAD TRIP IN MEXICO - LUNA'S JOURNEY (EPISODE 14) - ph6078da16523de.mp4,Luna Okko,Western,22,Episode,Episode 14,Lovely Sex During Our Road Trip - Luna's Journey (),Luna Okko; Evan Okko
7702,LUNA OKKO x MARIE MUR - LUNA'S JOURNEY (EPISODE 16),20210611 - LUNA OKKO x MARIE MUR - LUNA'S JOURNEY (EPISODE 16) - ph60c39c88824b2.mp4,Luna Okko,Western,24,Episode,EPISODE 16,LUNA OKKO x MARIE MUR - LUNA'S JOURNEY (),Luna Okko; Evan Okko
7697,Moving to Mexico - Luna's Journey (Episode 13),20210329 - MOVING TO MEXICO - LUNA'S JOURNEY (EPISODE 13) - ph6061e930b7838.mp4,Luna Okko,Western,19,Episode,Episode 13,Moving to Mexico - Luna's Journey (),Luna Okko; Evan Okko
7700,Parisian Nights - Luna's Journey (Episode 10),20201122 - PARISIAN NIGHTS - LUNA’S JOURNEY (EPISODE 10) - ph5fbad2d22a9df.mp4,Luna Okko,Western,18,Episode,Episode 10,Parisian Nights - Luna's Journey (),Luna Okko; Evan Okko
7696,She Rides It Like a Bo$$ - Luna's Journey (Episode 11),20210123 - SHE RIDES IT LIKE A BO$$ - LUNA'S JOURNEY (EPISODE 11) - ph600b6a5423dbc.mp4,Luna Okko,Western,14,Episode,Episode 11,She Rides It Like a Bo$$ - Luna's Journey (),Luna Okko; Evan Okko
7655,Diabolique Part 1,[Deeper.Com] 19.04.09  - Diabolique Part 1-2 [1080P].mp4,Deeper,Western,66,Part,Part 1,Diabolique,Nicole Murkovski; Mick Blue
7651,Coupledom Part 1,[Deeper] Janice Griffith And Liv Wild - Coupledom Part 1-2 [1080P].mp4,Deeper,Western,70,Part,Part 1,Coupledom,Janice Griffith; Markus Dupree; Oliver Davis; Liv Wild
7311,A Swap Family Thanksgiving - S8:E4,familyswap.23.11.09.cassie.del.isla.and.tiana.blow.a.swap.family.thanksgiving.4k.mp4,Family Swap,Western,34,Season/Episode,S8:E4,A Swap Family Thanksgiving,Max Fills; Ken Feels; Tiana Blow; Cassie Del Isla
7305,Stuffing My Stepsister For Thanksgiving - S27:E3,[My Family Pies] - 22.11.23 - Demi Hawks And Liz Jordan - Stuffing My Stepsister For Thanksgiving 2160p.mp4,My Family Pies,Western,29,Season/Episode,S27:E3,Stuffing My Stepsister For Thanksgiving,Mike Mancini; Demi Hawks; Juan El Caballo Loco; Liz Jordan; Julia Robbie
7304,MaxineX Sluts Vs Studs - Pt 1,MaxineX.&.Helena.Price.&.Rebel.Rhyder.Epic.Exxxotica.Orgy.01.1080p.mp4,MaxineX,Western,31,Part,Pt 1,MaxineX Sluts Vs Studs,Rebel Rhyder; Jonathan Jordan; Richard Mann; Maxine X; Rico Shades
7302,MaxineX Sluts Vs Studs Pt 2,MaxineX.&.Helena.Price.&.Rebel.Rhyder.Epic.Exxxotica.Orgy.02.1080p.mp4,MaxineX,Western,27,Part,Pt 2,MaxineX Sluts Vs Studs,Rebel Rhyder; Jonathan Jordan; Richard Mann; Maxine X; Rico Shades
7295,,"June Liu (China), Tiny Alina aka Alina Kim (Thailand)#2.mp4",,Western,19,Numbered,#2,"June Liu (China), Tiny Alina aka Alina Kim (Thailand).mp4",June Liu
7294,,"June Liu (China), Tiny Alina aka Alina Kim (Thailand) #1.mp4",,Western,19,Numbered,#1,"June Liu (China), Tiny Alina aka Alina Kim (Thailand) .mp4",June Liu
7285,,"June Liu (China), DJ Sakura aka djsakuraaa (Singapore) #1.mp4",,Western,20,Numbered,#1,"June Liu (China), DJ Sakura aka djsakuraaa (Singapore) .mp4",June Liu
7286,,"June Liu (China), DJ Sakura aka djsakuraaa (Singapore) #2.mp4",,Western,47,Numbered,#2,"June Liu (China), DJ Sakura aka djsakuraaa (Singapore) .mp4",June Liu
7241,"Brand New Faces #8, Scene 3",Megan Madsen - Brand New Faces 8 - 1920X1080 x265.mkv,Brand New Faces,Western,57,Scene,Scene 3,Brand New Faces #8,Voodoo; Megan Madsen
7239,,Gwen Jade - Bang Boat 4 Scene 3 1920X1080 x265.mkv,,Western,31,Scene,Scene 3,Gwen Jade - Bang Boat 4  1920X1080 x265.mkv,
7228,,Ashley Banks - 18 And Nasty 24 - Scene 4 - 1920X1080 x265.mkv,,Western,22,Scene,Scene 4,Ashley Banks - 18 And Nasty 24 -  - 1920X1080 x265.mkv,
7072,A Missa Xmas pt. 2,[2021.12.10] A Missa Xmas Part 2 [1080p 24].mp4,MissaX,Western,58,Part,pt. 2,A Missa Xmas,Madi Collins; Tyler Nixon; Tommy Pistol; Aiden Ashley
7074,A Missa Xmas pt. 3,[2021.12.21] A Missa Xmas Part 3 [1080p 24].mp4,MissaX,Western,39,Part,pt. 3,A Missa Xmas,Jane Wilde
7068,A Missa Xmas pt. 1,[2021.11.25] A Missa Xmas Part 1 [1080p 24].mp4,MissaX,Western,36,Part,pt. 1,A Missa Xmas,Madi Collins; Tommy Pistol; Tyler Cruise; Rachael Cavalli
7065,Mommy's Boys pt. 3,[2021.11.04] Mommy's Boys Part 3 [1080p 24].mp4,MissaX,Western,34,Part,pt. 3,Mommy's Boys,Tyler Nixon; Dante Colle; Natasha Nice
7061,After the Eulogy II,[2021.10.13] After the Eulogy II [1080p 24].mp4,MissaX,Western,41,Roman,II,After the Eulogy,Alexia Anders; Tyler Nixon
7060,Mommy's Boys pt. 2,[2021.10.18] Mommy's Boys Part 2 [1080p 24].mp4,MissaX,Western,36,Part,pt. 2,Mommy's Boys,Dante Colle; Natasha Nice
7057,Mommy's Boys pt. 1,[2021.10.08] Mommy's Boys [1080p 24].mp4,MissaX,Western,39,Part,pt. 1,Mommy's Boys,Tyler Nixon; Dante Colle; Natasha Nice
7048,A Push From the Nest pt. 3,[2021.08.19] A Push From the Nest Part 3 [1080p 24].mp4,MissaX,Western,54,Part,pt. 3,A Push From the Nest,Codey Steele; Dante Colle; Dee Williams
7050,In Love With Daddy III,[2021.08.29] In Love With Daddy III [1080p 24].mp4,MissaX,Western,49,Roman,III,In Love With Daddy,Lilly Bell; Ryan Mclane
7046,A Push From the Nest pt. 2,[2021.08.04] A Push From the Nest Part 2 [1080p 24].mp4,MissaX,Western,41,Part,pt. 2,A Push From the Nest,Codey Steele; Dante Colle; Dee Williams
7047,The Bully Meets My Mom pt. 1,[2021.07.25] The Bully Meets My Mom Part 1 [1080p 24].mp4,MissaX,Western,44,Part,pt. 1,The Bully Meets My Mom,Nathan Bronson; Laney Grey; Cory Chase; Will Pounder
7045,The Bully Meets My Mom pt. 2,[2021.08.09] The Bully Meets My Mom Part 2 [1080p 24].mp4,MissaX,Western,32,Part,pt. 2,The Bully Meets My Mom,Cory Chase; Will Pounder
7044,A Push From the Nest pt. 1,[2021.07.20] A Push From the Nest Part 1 [1080p 24].mp4,MissaX,Western,40,Part,pt. 1,A Push From the Nest,Codey Steele; Dante Colle; Dee Williams
7040,Daddy's Bad Girl pt. 2,[2021.07.05] Daddy's Bad Girl II [1080p 24].mp4,MissaX,Western,38,Part,pt. 2,Daddy's Bad Girl,Ryan Mclane; Penny Pax; Brianne Blu
7042,Heat Wave pt. 2,[2021.07.10] Heat Wave Part 2 [1080p 24].mp4,MissaX,Western,34,Part,pt. 2,Heat Wave,Nathan Bronson; Robby Apples; Rachael Cavalli
7043,In Love With Daddy II,[2021.07.15] In Love With Daddy II [1080p 24].mp4,MissaX,Western,66,Roman,II,In Love With Daddy,Penny Barber; Kenzie Reeves; Chad White
7041,Mommy's Free Pass ep. 2,[2021.06.30] Mommy's Free Pass Episode 2 [1080p 24].mp4,MissaX,Western,49,Episode,ep. 2,Mommy's Free Pass,Nathan Bronson; Reagan Foxx; Madi Meadows
7035,Blue Moon Rising pt. 2,[2021.06.11] Blue Moon Rising Part 2 [1080p 24].mp4,MissaX,Western,68,Part,pt. 2,Blue Moon Rising,Brad Newman; Tommy Pistol; Codey Steele; Dante Colle; Aiden Ashley
7038,Blue Moon Rising pt. 3,[2021.06.24] Blue Moon Rising Part 3 [1080p 24].mp4,MissaX,Western,51,Part,pt. 3,Blue Moon Rising,Tommy Pistol; Aiden Ashley; Brooklyn Gray
7036,Mommy's Free Pass ep. 1,[2021.06.01] Mommy's Free Pass Episode 1 [1080p 24].mp4,MissaX,Western,52,Episode,ep. 1,Mommy's Free Pass,Reagan Foxx; Chad White
7037,My Boss' Daughter II pt. 2,[2021.06.06] My Boss' Daughter II Part 2 [1080p 24].mp4,MissaX,Western,35,Roman,II,My Boss' Daughter  pt. 2,Hime Marie; Kyle Mason; Will Pounder
7033,Blue Moon Rising pt. 1,[2021.05.26] Blue Moon Rising Part 1 [1080p 24].mp4,MissaX,Western,37,Part,pt. 1,Blue Moon Rising,Tommy Pistol; Dante Colle; Aiden Ashley; Brooklyn Gray; David Lord
7034,Heat Wave pt. 1,[2021.06.18] Heat Wave Part 1 [1080p 24].mp4,MissaX,Western,39,Part,pt. 1,Heat Wave,Nathan Bronson; Robby Apples; Rachael Cavalli
7029,My Boss' Daughter II pt. 1,[2021.05.21] My Boss' Daughter II Part 1 [1080p 24].mp4,MissaX,Western,35,Roman,II,My Boss' Daughter  pt. 1,Hime Marie; Will Pounder; Allie Addison
7026,Daddy #4,[2021.04.21] Daddy #4 [1080p 24].mp4,MissaX,Western,55,Numbered,#4,Daddy,Violet Starr
7022,Second Chance pt.1,[2021.03.09] Second Chance Part 1 [1080p 24].mp4,MissaX,Western,56,Part,pt.1,Second Chance,Ryan Mclane; Tommy Pistol; Penny Barber
7023,Second Chance pt.2,[2021.03.29] Second Chance Part 2 [1080p 24].mp4,MissaX,Western,42,Part,pt.2,Second Chance,Tommy Pistol; Penny Barber
7019,Something Borrowed pt. 1,[2021.03.04] Something Borrowed Part 1 [1080p 24].mp4,MissaX,Western,41,Part,pt. 1,Something Borrowed,Seth Gamble; Elena Koshka; Chad White
7020,Something Borrowed pt. 2,[2021.03.24] Something Borrowed Part 2 [1080p 24].mp4,MissaX,Western,31,Part,pt. 2,Something Borrowed,Seth Gamble; Elena Koshka; Chad White
7014,Slide pt.3,[2021.02.12] Slide Part 3 [1080p 24].mp4,MissaX,Western,32,Part,pt.3,Slide,Brad Newman; Aila Donovan; Kit Mercer
7011,Slide pt.1 & pt.2,"[2021.01.16] Slide Part 1, Part 2 [1080p 24].mp4",MissaX,Western,63,Part,pt.1,Slide  & pt.2,Ryan Mclane; Brad Newman; Seth Gamble; Aila Donovan; Kit Mercer
6941,Alice Moore Pt 1 BTS,890 - 2020.11.19 - Alice Moore Pt 1 BTS.mp4,Exploited College Girls,Western,36,Part,Pt 1,Alice Moore  BTS,J. Jay; Alice Moore
6940,Alice Moore Pt 2,891 - 2020.11.19 - Alice Moore Pt 2.mp4,Exploited College Girls,Western,69,Part,Pt 2,Alice Moore,J. Jay; Alice Moore
6935,Kai West Pt 2 Anal,884 - 2020.10.15 - Kai West Pt 2 Anal.mp4,Exploited College Girls,Western,75,Part,Pt 2,Kai West  Anal,Kai West
6934,Bri Klein Pt 1,882 - 2020.10.08 - Bri Klein Pt 1.mp4,Exploited College Girls,Western,40,Part,Pt 1,Bri Klein,Bri Klein
6931,Bri Klein Pt 2,881 - 2020.10.08 - Bri Klein Pt 2.mp4,Exploited College Girls,Western,91,Part,Pt 2,Bri Klein,Bri Klein
6933,Kai West Pt 1,883 - 2020.10.15 - Kai West Pt 1.mp4,Exploited College Girls,Western,46,Part,Pt 1,Kai West,Jake Adams; Kai West
6923,Amber Green Pt 2,871 - 2020.08.06 - Amber Green Pt 2.mp4,Exploited College Girls,Western,74,Part,Pt 2,Amber Green,Jake Adams; Amber Green
6924,Jane Rogers Andi Rose 3way Pt 1,873 - 2020.08.20 - Jane Rogers Andi Rose 3way Pt 1.mp4,Exploited College Girls,Western,46,Part,Pt 1,Jane Rogers Andi Rose 3way,Andi Rose; Jake Adams; Jane Rogers
6925,Jane Rogers Andi Rose 3Way Pt 2,874 - 2020.08.20 - Jane Rogers Andi Rose 3way Pt 2.mp4,Exploited College Girls,Western,88,Part,Pt 2,Jane Rogers Andi Rose 3Way,Andi Rose; Jake Adams; Jane Rogers
6921,Amber Green Pt 1,870 - 2020.08.06 - Amber Green Pt 1.mp4,Exploited College Girls,Western,41,Part,Pt 1,Amber Green,Jake Adams; Amber Green
6920,Tristan Taylor Pt 2,868 - 2020.07.23 - Tristan Taylor Pt 2.mp4,Exploited College Girls,Western,72,Part,Pt 2,Tristan Taylor,J. Jay; Tristan Summers
6916,Delilah Day Pt 1 BTS,865 - 2020.07.16 - Delilah Day Pt 1 BTS.mp4,Exploited College Girls,Western,60,Part,Pt 1,Delilah Day  BTS,Delilah Day; Maddy May
6918,Delilah Day Pt 2,866 - 2020.07.18 - Delilah Day Pt 2.mp4,Exploited College Girls,Western,80,Part,Pt 2,Delilah Day,J. Jay; Delilah Day
6917,Tristan Taylor Pt 1,867 - 2020.07.23 - Tristan Taylor Pt 1.mp4,Exploited College Girls,Western,77,Part,Pt 1,Tristan Taylor,J. Jay; Tristan Summers
6914,Andi Rose Part 1 BTS,863 - 2020.07.09 - Andi Rose Part 1 BTS.mp4,Exploited College Girls,Western,59,Part,Part 1,Andi Rose  BTS,Andi Rose; Jake Adams
6915,Andi Rose Part 2,864 - 2020.07.09 - Andi Rose Part 2.mp4,Exploited College Girls,Western,73,Part,Part 2,Andi Rose,Andi Rose; Jake Adams
6910,Annette Benz Part 1,859 - 2020.06.18 - Annette Benz Part 1.mp4,Exploited College Girls,Western,43,Part,Part 1,Annette Benz,Brixley Benz
6911,Annette Benz Part 2,860 - 2020.06.18 - Annette Benz Part 2.mp4,Exploited College Girls,Western,87,Part,Part 2,Annette Benz,Jake Adams; Brixley Benz
6878,Wezzam x Interceptor Asian Mashup,wezzam x interceptor asian mashup upscaled 1440p60.mkv,wezzam,Western,15,Roman,x,Wezzam  Interceptor Asian Mashup,
6835,Kill Bill: a XXX Parody - Scene 3,Scene 3 -  Dani Daniels & Derrick Pierce.mp4,Blockbuster,Western,29,Scene,Scene 3,Kill Bill: a XXX Parody,Derrick Pierce; Dani Daniels
6836,Kill Bill: a XXX Parody - Scene 4,Scene 4 -  Eva Lovia & Mick Blue.mp4,Blockbuster,Western,23,Scene,Scene 4,Kill Bill: a XXX Parody,Mick Blue; Eva Lovia
6837,Kill Bill: a XXX Parody - Scene 5,Scene 5 -  Bridgette B & Richie Calhoun.mp4,Blockbuster,Western,20,Scene,Scene 5,Kill Bill: a XXX Parody,Bridgette B; Richie Calhoun
6838,Kill Bill: a XXX Parody - Scene 6,Scene 6 - Dani Daniels & Xander Corvus.mp4,Blockbuster,Western,40,Scene,Scene 6,Kill Bill: a XXX Parody,Xander Corvus; Dani Daniels
6833,Kill Bill: a XXX Parody - Scene 1,Scene 1 - Misty Stone & Keiran Lee.mp4,Blockbuster,Western,27,Scene,Scene 1,Kill Bill: a XXX Parody,Keiran Lee; Misty Stone
6834,Kill Bill: a XXX Parody - Scene 2,Scene 2 - Ash Hollywood & Tommy Gunn.mp4,Blockbuster,Western,28,Scene,Scene 2,Kill Bill: a XXX Parody,Tommy Gunn; Ash Hollywood
5574,It's Fucking Friday Part 1,Alexia Anders - It'S Fucking Friday Part 1 (20.10.2023)_1080p.mp4,Big Tits at Work,Western,35,Part,Part 1,It's Fucking Friday,Alexia Anders; Jimmy Michaels; Dante Colle
5312,,SammmNextDoor Date Night #25 Golfing in Miami (2160p).mp4,Sammm Next Door,Western,21,Numbered,#25,SammmNextDoor Date Night  Golfing in Miami (2160p).mp4,Sammm Next Door; Miami
5313,,SammmNextDoor Date Night #26 Road Trippin' to Waterfalls in Cordoba (2160p).mp4,Sammm Next Door,Western,26,Numbered,#26,SammmNextDoor Date Night  Road Trippin' to Waterfalls in Cordoba (2160p).mp4,Sammm Next Door
5314,,SammmNextDoor Date Night #28 BTS Photoshoot (2160p).mp4,Sammm Next Door,Western,18,Numbered,#28,SammmNextDoor Date Night  BTS Photoshoot (2160p).mp4,Sammm Next Door
5315,,SammmNextDoor Date Night #27 Road Trip Part 2 Rock Climbing In Mendoza (2160p).mp4,Sammm Next Door,Western,24,Part,Part 2,SammmNextDoor Date Night #27 Road Trip  Rock Climbing In Mendoza (2160p).mp4,Sammm Next Door; Rock
5316,,SammmNextDoor Date Night #29 Fucking In The SPA With The Risk Of Getting Caught (2160p).mp4,Sammm Next Door,Western,18,Numbered,#29,SammmNextDoor Date Night  Fucking In The SPA With The Risk Of Getting Caught (2160p).mp4,Sammm Next Door
5317,,SammmNextDoor Date Night #31 Go-karts in Buenos Aires (2160p).mp4,Sammm Next Door,Western,20,Numbered,#31,SammmNextDoor Date Night  Go-karts in Buenos Aires (2160p).mp4,Sammm Next Door
5319,,SammmNextDoor Date Night #32 Helicopter in Ushuaia (2160p).mp4,Sammm Next Door,Western,21,Numbered,#32,SammmNextDoor Date Night  Helicopter in Ushuaia (2160p).mp4,Sammm Next Door
5320,,SammmNextDoor Date Night #34 PETITE GIRLFRIEND FUCKS very passionate after long hike w. friends.mp4,Sammm Next Door,Western,18,Numbered,#34,SammmNextDoor Date Night  PETITE GIRLFRIEND FUCKS very passionate after long hike w. friends.mp4,Sammm Next Door
5322,,SammmNextDoor Date Night #35 SLOPPY SEX before and after fancy wine tasting at 5 stars vineyard.mp4,Sammm Next Door,Western,27,Numbered,#35,SammmNextDoor Date Night  SLOPPY SEX before and after fancy wine tasting at 5 stars vineyard.mp4,Sammm Next Door
5310,Hard cock for the birthday girl - SammmNextDoor Date Night #23,SammmNextDoor Date Night #23 24hrs in Mexico City For My Birthday (2160p).mp4,Sammm Next Door,Western,27,Numbered,#23,Hard cock for the birthday girl - SammmNextDoor Date Night,Sammm Next Door; Alex
5311,Intimate ANAL sex in a cabin - SammmNextDoor Date Night #24,SammmNextDoor Date Night #24 Crossing the Delta Parana (2160p).mp4,Sammm Next Door,Western,29,Numbered,#24,Intimate ANAL sex in a cabin - SammmNextDoor Date Night,Sammm Next Door; Alex
5307,,SammmNextDoor Date Night #21 A Wild Ride in Universal (1080p).mp4,Sammm Next Door,Western,18,Numbered,#21,SammmNextDoor Date Night  A Wild Ride in Universal (1080p).mp4,Sammm Next Door
5309,,SammmNextDoor Date Night #22 Above Santiago in a Cable Car (2160p).mp4,Sammm Next Door,Western,24,Numbered,#22,SammmNextDoor Date Night  Above Santiago in a Cable Car (2160p).mp4,Sammm Next Door
5308,Waterfalls gets me wet! - SammmNextDoor Date Night #20,SammmNextDoor Date Night #20 Getting Wet in Iguaçu Falls (1080p).mp4,Sammm Next Door,Western,14,Numbered,#20,Waterfalls gets me wet! - SammmNextDoor Date Night,Sammm Next Door
5303,A public quickie blowjob leads to fucking petite girlfriend at home - Sammmnextdoor Date Night #15,SammmNextDoor Date Night #15 Take Me To the Moon (1080p).mp4,Sammm Next Door,Western,16,Numbered,#15,A public quickie blowjob leads to fucking petite girlfriend at home - Sammmnextdoor Date Night,Sammm Next Door
5305,American ANAL slut pounded in the Mexican JUNGLE - Sammmnextdoor Date Night #17,SammmNextDoor Date Night #17 Riding and Anal Sex in the Mayan Jungles (1080p).mp4,Sammm Next Door,Western,19,Numbered,#17,American ANAL slut pounded in the Mexican JUNGLE - Sammmnextdoor Date Night,Sammm Next Door
5304,Foot worship after long hike - SammmNextDoor Date Night #18,SammmNextDoor Date Night #18 Hike to the Sky (1080p).mp4,Sammm Next Door,Western,24,Numbered,#18,Foot worship after long hike - SammmNextDoor Date Night,Sammm Next Door
5299,Cute teen squirting slut loves it rough - dripping pussy creampie - Sammmnextdoor Date Night #11,SammmNextDoor Date Night #11 She likes to ride Gondolas (2160p).mp4,Sammm Next Door,Western,20,Numbered,#11,Cute teen squirting slut loves it rough - dripping pussy creampie - Sammmnextdoor Date Night,Sammm Next Door
5301,Happy Ending MASSAGE in BS AS - SammmNextDoor Date Night #14,SammmNextDoor Date Night #14 Happy Ending Massage in Buenos Aires (1080p).mp4,Sammm Next Door,Western,19,Numbered,#14,Happy Ending MASSAGE in BS AS - SammmNextDoor Date Night,Sammm Next Door
5295,Sammmnextdoor - Date Night #06 - Roaming and Moaning in Rome (making love for the neighbors),SammmNextDoor Date Night #06 Roaming and Moaning in Rome (Making Love for the Neighbors) (2160p).mp4,Sammm Next Door,Western,26,Numbered,#06,Sammmnextdoor - Date Night  - Roaming and Moaning in Rome (making love for the neighbors),Sammm Next Door
5297,TRICK or treat? Scream teen made his hard dick disappear - Sammmnextdoor Date Night #10,SammmNextDoor Date Night #10 Slutty Pumpkin Patch (1080p).mp4,Sammm Next Door,Western,17,Numbered,#10,TRICK or treat? Scream teen made his hard dick disappear - Sammmnextdoor Date Night,Sammm Next Door
5289,Sammmnextdoor - Date Night #02 - Falling in love and fucking on adrenaline - squirting slut,SammmNextDoor Date Night #02 Falling in Love (2160p).mp4,Sammm Next Door,Western,23,Numbered,#02,Sammmnextdoor - Date Night  - Falling in love and fucking on adrenaline - squirting slut,Sammm Next Door
5290,Sammmnextdoor - Date Night #03 - Tiny skating slut rolls home to be fucked,"SammmNextDoor Date Night #03 Florida Fun, Sun & rollerskating (2160p).mp4",Sammm Next Door,Western,16,Numbered,#03,Sammmnextdoor - Date Night  - Tiny skating slut rolls home to be fucked,Sammm Next Door
5292,Sammmnextdoor - Date Night #04 - Arcade foreplay before passionate fucking at home,SammmNextDoor Date Night #04 Arcade Games (2160p).mp4,Sammm Next Door,Western,20,Numbered,#04,Sammmnextdoor - Date Night  - Arcade foreplay before passionate fucking at home,Sammm Next Door
5288,Sammmnextdoor Date Night #00 - Innocent blonde tinder date fucked until she's messy,SammmNextDoor Date Night #00 (1080p).mp4,Sammm Next Door,Western,19,Numbered,#00,Sammmnextdoor Date Night  - Innocent blonde tinder date fucked until she's messy,Sammm Next Door
5293,Sammmnextdoor Date Night #05 - Passionate sunrise sex (she swallows) over pyramids in an air balloon,SammmNextDoor Date Night #05 Around the World & Back for Cock (Air Balloon) (2160p).mp4,Sammm Next Door,Western,17,Numbered,#05,Sammmnextdoor Date Night  - Passionate sunrise sex (she swallows) over pyramids in an air balloon,Sammm Next Door
5277,Being Riley Chapter 1,"[Tushy.com] - Being Riley Chapter #1 - Riley Reid with Mick Blue & Aidra Fox [1080p, h.265].mp4",Tushy,Western,80,Chapter,Chapter 1,Being Riley,Mick Blue; Aidra Fox; Riley Reid
5278,Being Riley Chapter 2,"[Tushy.com] - Being Riley Chapter #2 - Riley Reid with Manuel & Aidra Fox [1080p, h.265].mp4",Tushy,Western,48,Chapter,Chapter 2,Being Riley,Manuel Ferrara; Aidra Fox; Riley Reid
5279,Being Riley Chapter 3,"[Tushy.com] - Being Riley Chapter #3 - Riley Reid with Rob Piper [1080p, h.265].mp4",Tushy,Western,37,Chapter,Chapter 3,Being Riley,Riley Reid; Rob Piper
5217,Step Sister in Love - S2:E3,myfamilypies_step_sister_in_love_1080.mkv,My Family Pies,Western,24,Season/Episode,S2:E3,Step Sister in Love,Alex Blake; Kenzie Reeves
4887,Sexual Domination Match - Alex Coal v Quinton EXTENDED,Alex Coal - Sex Fight Domination Wrestling Match #1.mkv,Primal's Sex Fights,Western,30,Roman,v,Sexual Domination Match - Alex Coal  Quinton EXTENDED,Quinton James; Alex Coal
4857,Panty Sniffing Masturbating Lesbians Pt1,Alex Coal - Panty Sniffing Masturbating Lesbians Pt1.mkv,Manyvids: Alex Coal,Western,27,Part,Pt1,Panty Sniffing Masturbating Lesbians,Alex Coal
4859,Panty Sniffing Pussy Eating Lesbians Pt2,Alex Coal - Panty Sniffing Pussy Eating Lesbians Pt2.mkv,Alex Coal,Western,27,Part,Pt2,Panty Sniffing Pussy Eating Lesbians,Alex Coal; Ashly Anderson
4832,Modeling My Panties For You #2,Alex Coal - Modeling My Panties For You #2.mkv,Manyvids: Alex Coal,Western,16,Numbered,#2,Modeling My Panties For You,Alex Coal
4775,Fisting Party Part 2 Summer Gets Fisted,Alex Coal - Fisting Party part 2 Summer Gets Fisted.mkv,Manyvids: Alex Coal,Western,23,Part,Part 2,Fisting Party  Summer Gets Fisted,Alex Coal
4727,After Dark Part 1,Alex Coal - After Dark part 1 of My First Sex Scene.mkv,Vixen,Western,19,Part,Part 1,After Dark,Tori Black; Juan Lucho
4717,Bound for the Apocalypse: Part 1,"KinkClassics - Casey Calvert, Dee Williams - Bound for the Apocalypse - Part 1_January 20, 2021_1080p.mp4",Kink Classics,Western,57,Part,Part 1,Bound for the Apocalypse,Casey Calvert; Dee Williams; Mr. Pete
4548,Blowing The Boys - S9:E9,familyswap.24.11.04.angel.gostosa.and.christy.love.blowing.the.boys.4k.xxx.mp4,Family Swap,Western,30,Season/Episode,S9:E9,Blowing The Boys,Parker Ambrose; Christy Love; Angel Gostosa; Coal Daniels
4544,Safe Word - Episode 3,Safe World Ep. 3 [1080p].mp4,Lust Cinema,Western,36,Episode,Episode 3,Safe Word,Mona Wales; Nina Hartley
4541,Safe Word - Episode 1,Safe World Ep. 1 [1080p].mp4,Lust Cinema,Western,43,Episode,Episode 1,Safe Word,Mickey Mod; Julia Roca
4543,Safe Word - Episode 2,Safe World Ep. 2 [1080p].mp4,Lust Cinema,Western,21,Episode,Episode 2,Safe Word,Mona Wales
4542,Safe Word - Episode 4,Safe World Ep. 4 [1080p].mp4,Lust Cinema,Western,39,Episode,Episode 4,Safe Word,Mona Wales; Mickey Mod
4539,The Widow - Episode 2,[LustCinema] The Widow Episode 2 [1080p].mp4,Lust Cinema,Western,38,Episode,Episode 2,The Widow,Michael DelRay; Magdalene St. Michaels
4540,The Widow - Episode 4,[LustCinema] The Widow Episode 4[1080p].mp4,Lust Cinema,Western,28,Episode,Episode 4,The Widow,Michael DelRay; Magdalene St. Michaels; Daisy Ducati
4537,The Widow - Episode 1,[LustCinema] The Widow Episode 1 [1080p].mp4,Lust Cinema,Western,21,Episode,Episode 1,The Widow,Dante Colle; Dana Vespoli; Michael DelRay; Magdalene St. Michaels; Daisy Ducati
4538,The Widow - Episode 3,[LustCinema] The Widow Episode 3 [1080p].mp4,Lust Cinema,Western,24,Episode,Episode 3,The Widow,Dante Colle; Dana Vespoli
4534,"Diary of a Madman, S2 E3: a Turn for the Worse","[KinkFeatures] Sep 01, 2022 Casey Calvert - Diary Of A Madman, S2 E3 A Turn For The Worse [1080p].mp4",Kink Features,Western,55,Season/Episode,S2 E3,"Diary of a Madman, : a Turn for the Worse",Casey Calvert; The Pope
4532,,Vixen.2025.Threesome Fantasies Vol. 15.1080p-VERIFIED.mp4,,Western,177,Volume,Vol. 15,Vixen.2025.Threesome Fantasies .1080p-VERIFIED.mp4,
4518,House Of Love & Lustery Episode 2,Lustery - E1523 - House of Love and Lustery - Episode 2.mp4,Lustery,Western,95,Episode,Episode 2,House Of Love & Lustery,Curved Marvin; Clarke Kent; Josie Boo; Karmann; Esluna Love
4519,House Of Love & Lustery: Episode 3,Lustery - E1530 - House of Love and Lustery - Episode 3.mp4,Lustery,Western,53,Episode,Episode 3,House Of Love & Lustery,Mulitple
4517,House Of Love & Lustery Episode 1,Lustery - E1516 - House of Love and Lustery - Episode 1.mp4,Lustery,Western,93,Episode,Episode 1,House Of Love & Lustery,Multiple Couples
4443,"Live-action edition – Homeless Village I II III IV: Complete collection, 100,000 copies sold. A scandalous work, now on film.",MIMK-165.mp4,Mankitsu,Western,152,Roman,II,"Live-action edition – Homeless Village I  I IV: Complete collection, 100,000 copies sold. A scandalous work, now on film.",Mei Satsuki; Ena Satsuki
4413,Trailer Park Taboo - Part 1,Puretaboo.18.04.Trailer.Park.Taboo.mp4,Pure Taboo,Western,232,Part,Part 1,Trailer Park Taboo,Kenzie Reeves; Small Hands; Joanna Angel
4271,Half His Age - Part 3,Puretaboo.17.09.Kristen.Scott.And.Jill.Kassidy.Half.His.Age.mp4,Pure Taboo,Western,190,Part,Part 3,Half His Age,Charles Dera; Xander Corvus; Jill Kassidy; Small Hands; Kristen Scott
4144,"I'm a ""Man-Child"" (A Working Adult). I Use My Mother To Satisfy My Sexual Urges. 8 Rounds of Endless Creampies - Pink Family VOL.19 Rieko Hiraoka",[SDMF-017] (English subbed).mp4,,Western,102,Volume,VOL.19,"I'm a ""Man-Child"" (A Working Adult). I Use My Mother To Satisfy My Sexual Urges. 8 Rounds of Endless Creampies - Pink Family  Rieko Hiraoka",
4129,My Aunt's Body is Too Damn Pleasurable Part 2 ~My Aunt Had a Superb Vagina~ Hana Haruna,[MIMK-084] (English subbed).mp4,まんきつ,Western,117,Part,Part 2,My Aunt's Body is Too Damn Pleasurable  ~My Aunt Had a Superb Vagina~ Hana Haruna,
3998,Long Con Part 4,Vixen 2024-12-20 Eve Sweet Agatha Vega.mp4,Vixen,Western,47,Part,Part 4,Long Con,Agatha Vega; Matthew Meier; Eve Sweet
3955,Black and Blue Part Three,teamskeetxjamesdeen_black_and_blue_part_three_full_hi_1080hd.mp4,Team Skeet X James Deen,Western,36,Part,Part Three,Black and Blue,Ramon Nomar; Janice Griffith; Michael Vegas
3956,Truth Or Dare - S1:E7,tft.16.02.19.karla.kush.and.scarlet.red.truth.or.dare.mp4,Teacher Fucks Teens,Western,25,Season/Episode,S1:E7,Truth Or Dare,Chad White; Karla Kush; Scarlet Red
3938,Alex Coal Cast Elsa Violet - S7:E8,nubilescasting_alex_coal_cast_elsa_violet_1920.mp4,Nubiles Casting,Western,53,Season/Episode,S7:E8,Alex Coal Cast Elsa Violet,Alex Coal; Juan El Caballo Loco; Elsa Violet
3937,Full Benefits - S46:E22,nubilefilms_full_benefits_1920.mp4,Nubile Films,Western,37,Season/Episode,S46:E22,Full Benefits,Jason X; Lilly Bella
3939,Megan Marx Cast Sky Wonderland - S8:E6,nubiles-casting.24.09.16.megan.marx.cast.sky.wonderland.mp4,Nubiles Casting,Western,60,Season/Episode,S8:E6,Megan Marx Cast Sky Wonderland,Parker Ambrose; Megan Marx; Sky Wonderland
3924,Taking Care of My Step Bro - S16:E5,brattysis_taking_care_of_my_step_bro_1920.mp4,Bratty Sis,Western,34,Season/Episode,S16:E5,Taking Care of My Step Bro,Lilly Bell; Alex Coal
3921,I Accidentally Fucked My Stepbrother on Valentines Day - S21:E9,brattysis.22.02.11.emma.sirus.and.jazmin.luv.mp4,Bratty Sis,Western,31,Season/Episode,S21:E9,I Accidentally Fucked My Stepbrother on Valentines Day,Jay Romero; Jazmin Luv; Emma Sirus
3922,I Had My Stepsisters Thanksgiving Pie - S29:E7,brattysis.23.11.10.katie.kush.and.skyler.storm.4k.mp4,Bratty Sis,Western,26,Season/Episode,S29:E7,I Had My Stepsisters Thanksgiving Pie,Katie Kush; Skyler Storm
3920,Road Trip Ep 1 - S2:E12,brattysis.17.10.20.angel.smalls.and.katya.rodriguez.road.trip.ep.1.mp4,Bratty Sis,Western,31,Episode,Ep 1,Road Trip  - S2:E12,Katya Rodriguez; Angel Smalls
3923,Stepsisters Sexy Vday Pics - S35:E6,brattysis.25.01.31.lana.smalls.and.molly.little.stepsisters.sexy.vday.pics.4k.mp4,Bratty Sis,Western,29,Season/Episode,S35:E6,Stepsisters Sexy Vday Pics,Lana Smalls; Molly Little; Parker Ambrose
3914,"Amiee Cambridge, Melanie Hicks and Cory Chase - Stuck in Milf Mansion Vol 2","[TabooHeat] Amiee Cambridge, Melanie Hicks & Cory Chase - Stuck in MILF Mansion Vol 2 1080p.mp4",Taboo Heat,Western,70,Volume,Vol 2,"Amiee Cambridge, Melanie Hicks and Cory Chase - Stuck in Milf Mansion",Alex Adams; Cory Chase; Luke Longly; Amiee Cambridge; Melanie Hicks
3911,Adopted Vol 1 E3,Scene 3.mp4,Hell Series,Western,40,Volume,Vol 1,Adopted  E3,Coco Lovelock; Savanah Storm; Adam X Lee
3910,Adopted Vol 1 E1,Scene 1.mp4,Hell Series,Western,34,Volume,Vol 1,Adopted  E1,Coco Lovelock; Savanah Storm
3909,Adopted Vol 1 E2,Scene 2.mp4,Hell Series,Western,30,Volume,Vol 1,Adopted  E2,Coco Lovelock; Adam X Lee
3907,Uber Driver's Revenge: Part 1,[Psycho-ThrillersFilms] Daisy Stone - Uber Driver's Revenge Part 1.mp4,Psycho Thrillers Films,Western,50,Part,Part 1,Uber Driver's Revenge,Jack Vegas; Daisy Stone; Reno D'Angelo
3906,Uber Driver's Revenge: Part 2,[Psycho-ThrillersFilms] Daisy Stone - Uber Driver's Revenge Part 2.mp4,Psycho Thrillers Films,Western,24,Part,Part 2,Uber Driver's Revenge,Jack Vegas; Daisy Stone; Reno D'Angelo
3900,"Diary of a Madman, S2 E1: Poor Decisions","[KinkFeatures] Aug 18, 2022 Casey Calvert - Diary Of A Madman, S2 E1 Poor Decisions [1080p].mp4",Kink Features,Western,36,Season/Episode,S2 E1,"Diary of a Madman, : Poor Decisions",Casey Calvert; The Pope
3894,Phantasia - Episode 4: Nymphs,Wicked 2024-02-23 Liz Jordan Xxlayna Marie.mp4,Wicked,Western,50,Episode,Episode 4,Phantasia - : Nymphs,Xxlayna Marie; Seth Gamble; Liz Jordan
3877,Concept: Tales of Taboo #2,Teamskeet 2022-11-02 Penny Barber Reese Robbins.mp4,Team Skeet Labs,Western,61,Numbered,#2,Concept: Tales of Taboo,Penny Barber; Tyler Cruise; Reese Robbins
3873,Influence Part 3,TUSHY_102364_1080P.mp4,Tushy,Western,40,Part,Part 3,Influence,Oliver Flynn; Elsa Jean; Kayden Kross
3866,Watch how I fuck my cat-girl part 1,Watch how I fuck my cat-girl part 1.mp4,QesasTop,Western,18,Part,part 1,Watch how I fuck my cat-girl,Qesas Top
3846,Monarch - Scene 1,[digitalplayground] Monarch.m4v,Blockbuster,Western,219,Scene,Scene 1,Monarch,Ian Scott; Dean Van Damme; Zara DuRose; Sensual Jane; Carmel Anderson
3839,Redhead Step Sister - S7:E4,Maya Kendrick - Redhead Stepsister - BrattySis [1080p].mp4,Bratty Sis,Western,14,Season/Episode,S7:E4,Redhead Step Sister,Maya Kendrick
3838,"Which of Our Little Sisters Is More Perverted? Why Don't We Swap Them and Fuck Them Full of Cum? #04 Nami Sekine, Seira Hoshizaki",MIAE-148.mp4,MOODYZ ACID,Japanese,150,Numbered,#04,"Which of Our Little Sisters Is More Perverted? Why Don't We Swap Them and Fuck Them Full of Cum?  Nami Sekine, Seira Hoshizaki",関根奈美; 星咲セイラ
3833,Clara Trinity Threesome Fuck Fest #20-21,Jay Bank Presents_20-21--Asian-Teen-Boy-Boy-Girl.mp4,Jay Bank Presents,Western,78,Numbered,#20,Clara Trinity Threesome Fuck Fest -21,Clara Trinity
3808,Cards On The Table - Episode 1,DigitalPlayground 2024-05-06 Gizelle Blanco Erotic Medusa.mp4,Episodes,Western,41,Episode,Episode 1,Cards On The Table,Mick Blue; Gizelle Blanco; Erotic Medusa
3810,Single Minded - Episode 1,DigitalPlayground.24.11.04.Single.Minded.Episode.1.XXX.1080p.MP4-WRB.mp4,Digital Playground,Western,55,Episode,Episode 1,Single Minded,Charles Dera; Dante Colle; Codi Vore; Nicole Doshi; Baby Gemini
3809,Third Space Part 2,DEEPER-KENDRA SUNDERLAND-Third Space Part 2-1080P.mp4,Deeper,Western,34,Part,Part 2,Third Space,Jax Slayher; Kendra Sunderland; Jay Hefner
3812,Vigilante City - Episode 3,Digitalplayground 2023-03-06 Ana Foxxx Maddy May.mp4,Digital Playground,Western,33,Episode,Episode 3,Vigilante City,Ana Foxxx; Michael Vegas; Maddy May
3806,Back to the Cooter Part 1: Pussy From the Past,"Chloe Temple, Venus Vixen -- @SisSwap -- Pussy From The Past -- 2023-07-24 [1080p].mp4",Sis Swap,Western,71,Part,Part 1,Back to the Cooter : Pussy From the Past,Jimmy Michaels; Chloe Temple; Venus Vixen; Carlos Dickinson
3804,Bratty Cousins - S2:E9,BrattySis.17.09.29.Andi.Rye.And.April.Snow.Bratty.Cousins.XXX.1080p.MP4-KTR.mp4,Bratty Sis,Western,33,Season/Episode,S2:E9,Bratty Cousins,April Snow; Zoe Sparx
3794,Casey X Dredd X Jane Wilde,252casell.mp4,Manyvids: Casey Calvert,Western,80,Roman,X,Casey  Dredd  Jane Wilde,Jane Wilde; Casey Calvert
3790,Kinky Secrets of the Suburbs - Part 1,zzseries.22.03.06.cherie.deville.and.maya.farrell[pt].mp4,ZZ Series,Western,37,Part,Part 1,Kinky Secrets of the Suburbs,Cherie DeVille; Maya Farrell
3786,Wanna Play with Us Stepbro - S24:E8,stepsiblingscaught.23.10.13.chanel.camryn.chloe.temple.and.tiana.blow.mp4,Step Siblings Caught,Western,32,Season/Episode,S24:E8,Wanna Play with Us Stepbro,Tiana Blow; Chanel Camryn; Juan El Caballo Loco; Chloe Temple
3784,Grounded - S1:E10,ssc.16.02.01.kimmy.granger.and.sydney.cole.grounded.mp4,Step Siblings Caught,Western,29,Season/Episode,S1:E10,Grounded,Kimmy Granger; Sydney Cole
3783,The Happiest Of Accidents Leads To A Great Fuck - S23:E9,stepsiblingscaught.23.07.25.amber.stark.and.scarlet.skies.mp4,Step Siblings Caught,Western,30,Season/Episode,S23:E9,The Happiest Of Accidents Leads To A Great Fuck,Oliver Faze; Scarlet Skies; Amber Stark
3782,Twinning - S1:E9,ssc.16.01.23.melissa.moore.and.riley.reid.twinning.mp4,Step Siblings Caught,Western,23,Season/Episode,S1:E9,Twinning,Riley Reid; Melissa Moore
3777,Stepsisters Crush - S6:E5,realitysis.24.12.21.alex.coal.and.rissa.may.stepsisters.crush.mp4,Reality Sis,Japanese,36,Season/Episode,S6:E5,Stepsisters Crush,Nade Nasty; Rissa May; Alex Coal
3760,Nicole Nichols Norcal Part 2,nic100ATK_414029001_4k.mp4,ATK Girlfriends,Western,16,Part,Part 2,Nicole Nichols Norcal,Nicole Nichols
3761,We Accidentally Showed My Stepmom Our Sex Tape - S15:E7,np.aiden.jane.1080.mp4,Moms Teach Sex,Western,27,Season/Episode,S15:E7,We Accidentally Showed My Stepmom Our Sex Tape,Jane Rogers; Aiden Ashley
3756,Pushing Boundaries Act 3,missax.20.06.27.kenna.james.and.mona.wales.pushing.boundaries.act.3.mp4,MissaX,Western,47,Act,Act 3,Pushing Boundaries,Ryan Mclane; Mona Wales; Kenna James
3744,Swap Son Learns How To Be A Father - S9:E3,familyswap.24.06.03.dylan.moore.and.millie.morgan.son.learns.how.to.be.a.father.mp4,Family Swap,Western,27,Season/Episode,S9:E3,Swap Son Learns How To Be A Father,Ken Feels; Jodie Johnson; Dylan Moore; Millie Morgan
3743,Less Hiding And More Riding For My Swap Family - S6:E9,familyswap.23.02.26.dani.diaz.and.mandy.waters.less.hiding.and.more.riding.mp4,Family Swap,Western,34,Season/Episode,S6:E9,Less Hiding And More Riding For My Swap Family,Jax Slayher; GI Joey; Mandy Waters; Dani Diaz
3729,Be Nice to Brother - S7:E9,brattysis.18.11.23.jane.wilde.be.nice.to.brother.mp4,Bratty Sis,Western,23,Season/Episode,S7:E9,Be Nice to Brother,Jane Wilde
3725,Stepdaughter Shares with Mom - S16:E9,ashley.wolf.vina.sky.1080.mp4,Moms Teach Sex,Western,33,Season/Episode,S16:E9,Stepdaughter Shares with Mom,Vina Sky; Ashley Wolf
3721,Screwged Part 3: Future Holes Filled,analmom.24.01.06.sheena.ryder.and.penelope.woods.future.holes.filled.mp4,Anal Mom,Western,44,Part,Part 3,Screwged : Future Holes Filled,Penelope Woods; Sheena Ryder
3718,Free Use Step Daughter Vol. 3 - Gas is Too High,[TabooHeat] Leana Lovings & Cory Chase - Free Use Step Daughter Vol. 3 1080p.mp4,Taboo Heat,Western,57,Volume,Vol. 3,Free Use Step Daughter  - Gas is Too High,Leana Lovings; Cory Chase; Luke Longly
3695,I Win on Game Day - S3:E6,[Cum Swapping Sis] - 23.02.03 - Britt Blair And Lily Larimar - I Win On Game Day 1080p.mp4,Cum Swapping Sis,Western,29,Season/Episode,S3:E6,I Win on Game Day,Lily Larimar; Britt Blair
3694,Easy Cum Easy Go - S11:E6,[BrattySis] Bunny Colby and Winter Jade - Easy Cum Easy Go [1080p].mp4,Bratty Sis,Western,27,Season/Episode,S11:E6,Easy Cum Easy Go,Bunny Colby; Winter Jade
3678,Like A Good Neighbor Vol 1 E1,PurgatoryX.24.10.25.Blake.Blossom.XXX.1080p.MP4-WRB.mp4,Heaven Series,Western,30,Volume,Vol 1,Like A Good Neighbor  E1,Blake Blossom; Michael Vegas
3675,Pirates 2 - Scene 1,Pirates2 1080p 6000.m4v,Digital Playground,Western,136,Scene,Scene 1,Pirates 2,Mick Blue; James Deen; Shay Jordan
3674,Phantasia - Episode 2: Apocalypsis,Phantasia_s02_SethGamble_ValentinaNappi_1080p_h264.mp4,Wicked,Western,45,Episode,Episode 2,Phantasia - : Apocalypsis,Seth Gamble; Valentina Nappi
3670,Chanel Camryn Cast Addison Vodka - S8:E7,NubilesPorn 2024-10-28 Addison Vodka Chanel Camryn.mp4,Nubiles Casting,Western,60,Season/Episode,S8:E7,Chanel Camryn Cast Addison Vodka,Jay Romero; Chanel Camryn; Addison Vodka
3669,Fathers Day Threesome - S33:E2,NubilesPorn 2024-06-09 Theodora Day Dylan Moore.mp4,My Family Pies,Western,36,Season/Episode,S33:E2,Fathers Day Threesome,Theodora Day; Dylan Moore; Coal Daniels
3667,Fucking Her Right - S4:E8,Nubiles-Porn.14.09.04.Janice.Griffith.Fucking.Her.Right.XXX.1080p.MP4-KTR.mp4,Nubiles,Western,22,Season/Episode,S4:E8,Fucking Her Right,Janice Griffith
3668,My Swap Sis Gets Inspired - S8:E3,NubilesPorn 2023-10-25 Jc Wilds Selena Ivy.mp4,Family Swap,Western,31,Season/Episode,S8:E3,My Swap Sis Gets Inspired,Jimmy Michaels; Peter Fitzwell; JC Wilds; Selena Ivy
3662,Back to the Cooter Part 2: Return Trip,MomSwap 2023-08-01 Kiki Klout Sasha Pearl.mp4,Mom Swap,Western,50,Part,Part 2,Back to the Cooter : Return Trip,Jimmy Michaels; Sasha Pearl; Carlos Dickinson; Kiki Klout
3661,Mommy's Boys pt. 1,Mommy's Boys 1080p x265.mkv,MissaX,Western,110,Part,pt. 1,Mommy's Boys,Tyler Nixon; Dante Colle; Natasha Nice
3657,Dad Swap pt. 3,MissaX 2025-02-17 Maya Woulfe.mp4,MissaX,Western,46,Part,pt. 3,Dad Swap,Maya Woulfe; Ken Feels; Ryan Driller
3651,Stepsis Found My Cumpills? - Cami Strella X Angel Youngs,Lev Lieben - Slutty Stepsis and Her Hot Best Friend Found My Cum Pills [1080p].mp4,Cami Strella,Western,37,Roman,X,Stepsis Found My Cumpills? - Cami Strella  Angel Youngs,Lev Lieben; Cami Strella; Angel Youngs
3630,Free Use Family - S5:E2,familyswap.22.04.27.chloe.temple.and.jennifer.white.free.use.family.mp4,Family Swap,Western,26,Season/Episode,S5:E2,Free Use Family,Charles Dera; Jennifer White; Codey Steele; Chloe Temple
3628,Selfie Museum Is Hot Spot for Sorority Sluts - Part 2,Eden_Ivy_Rika_Fane_-_Selfie_museum_is_hot_spot_for_Sorority_Sluts_-_Part_2_fullhd.mp4,Immoral Live,Western,31,Part,Part 2,Selfie Museum Is Hot Spot for Sorority Sluts,Eden Ivy; Porno Dan; Dean Van Damme; Rika Fane
3627,Back to the Cooter Part 3: Full Circle Fuck,DaughterSwap.23.08.08.Chloe.Temple.And.Venus.Vixen.Full.Circle.Fuck.XXX.1080p.MP4-WRB.mp4,Daughter Swap,Western,51,Part,Part 3,Back to the Cooter : Full Circle Fuck,Tony Rubino; Chloe Temple; Venus Vixen; Sergeant Miles
3621,Nobody Wants To Fuck A Virgin Stepbro - S32:E7,brattysis.24.05.31.renee.rose.nobody.wants.to.fuck.a.virgin.stepbro.mp4,Bratty Sis,Western,23,Season/Episode,S32:E7,Nobody Wants To Fuck A Virgin Stepbro,Renee Rose; Tony Profane
3620,Road Trip Ep 2 - S3:E3,BrattySis.17.11.10.Katya.Rodriguez.And.Lily.Rader.Road.Trip.Ep.2.XXX.1080p.MP4-KTR.mp4,Bratty Sis,Western,30,Episode,Ep 2,Road Trip  - S3:E3,Lily Rader; Katya Rodriguez
3595,,Sextape 1.mp4,,Western,33,Tape,tape 1,Sex.mp4,
3594,,Sextape 2.mp4,,Western,32,Tape,tape 2,Sex.mp4,
3588,Uncles Summer Camp - S15:E2,myfamilypies_uncles_summer_camp_1920.mp4,My Family Pies,Western,23,Season/Episode,S15:E2,Uncles Summer Camp,Haley Reed; Kyler Quinn
3582,Space Junk - Episode 1,dpg.2023.04.03.tru.kait.and.geishakyd.space.junk.episode.1.mp4,DP World,Western,37,Episode,Episode 1,Space Junk,Xander Corvus; Sam Bourne; Geisha Kyd; Tru Kait
3573,In Vogue Part 4,Vixen 2023-08-04 Emiri Momota x265.mp4,Vixen,Western,47,Part,Part 4,In Vogue,Vince Karter; Sumire Mizukawa
3568,Employee Relations: Episode 1,ZZSeries.25.02.07.Tiger.Lilly.Employee.Relations.Episode.1.XXX.1080p.HEVC.x265.HGM.mp4,ZZ Series,Western,28,Episode,Episode 1,Employee Relations,Victor Ray; Tiger Lilly
3563,Threesome TINDER STRANGER Facial part 1,Threesome-TINDER-STRANGER-Facial-part-1.mp4,Mariah_Leonne,Western,28,Part,part 1,Threesome TINDER STRANGER Facial,Mariah Leonne
3560,Piper Press - Free Use Weekend - Vol 1 (Parts 1-2),TabooHeat.24.12.09.Cory.Chase.and.Piper.Press.XXX.1080p.mp4,Taboo Heat,Western,23,Volume,Vol 1,Piper Press - Free Use Weekend -  (Parts 1-2),Cory Chase; Luke Longly; Parker Sims; Piper Press
3522,Evermore - Episode 1,DigitalPlayground 2023-11-06 Sophie Reade Olive Glass Agatha Vega.mp4,DP World,Western,27,Episode,Episode 1,Evermore,Agatha Vega; Olive Glass; Sophie Reade
3523,Vigilante City - Episode 4,Digitalplayground 2023-03-20 Kenna James.mp4,Digital Playground,Western,32,Episode,Episode 4,Vigilante City,Nathan Bronson; Dante Colle; Kenna James
3511,"Craving Anal, Scene #01",28116_01_1080p.mp4,Evil Angel,Western,38,Numbered,#01,"Craving Anal, Scene",Alina West; Yhivi Kim
3509,Step Family Summer Vacation: Part 1,zzs.2023.06.13.cherie.deville.step.family.summer.vacation.part.1.x265.mp4,ZZ Series,Western,37,Part,Part 1,Step Family Summer Vacation,Quinton James; Cherie DeVille; Damon Dice
3507,Kinky Secrets of the Suburbs - Part 2,zzseries.22.03.07.lulu.chu.kinky.secrets.of.the.suburbs.part.2[pt].mp4,ZZ Series,Western,40,Part,Part 2,Kinky Secrets of the Suburbs,Mick Blue; Lulu Chu
3499,My Stepsister And Her Hot Friend Have Dildo Bikes - S24:E10,stepsiblingscaught.23.11.12.jade.maris.and.molly.little.mp4,Step Siblings Caught,Western,24,Season/Episode,S24:E10,My Stepsister And Her Hot Friend Have Dildo Bikes,Molly Little; Jodie Johnson; Jade Maris
3480,Back to School Sex Advice From Step Sister - S18:E2,mfp.21.03.15.coco.lovelock.and.percy.sires.mp4,My Family Pies,Western,22,Season/Episode,S18:E2,Back to School Sex Advice From Step Sister,Coco Lovelock; Percy Sires
3471,Sweethearts Episode 1,dpg.24.02.05.aubree.valentine.and.anna.claire.clouds.sweethearts.episode.1.mp4,Episodes,Western,39,Episode,Episode 1,Sweethearts,Alex Jones; Anna Claire Clouds; Aubree Valentine; Small Hands
3466,"Sep. 20, 2024",[Cumpsters] AK-47 girl - 6th visit (2024.09.20) [1080p].mp4,Cumpsters,Western,28,Episode,ep. 20,"S, 2024",AK47 Girl
3459,Jia Episode 1,VIXEN_102821_1080P_x265.mp4,Vixen,Western,47,Episode,Episode 1,Jia,Chris Diamond; Agatha Vega; Jia Lissa
3448,Phantasia - Episode 1: Phantasm,Phantasia_s01_SethGamble_KimmyGranger_1080p.mp4,Wicked,Western,39,Episode,Episode 1,Phantasia - : Phantasm,Seth Gamble; Kimmy Granger
3447,Don't Let Swapsis Feel Left Out - S6:E8,Nubilesporn 2023-02-13 Aria Valencia Lauren Phillips.mp4,Family Swap,Western,26,Season/Episode,S6:E8,Don't Let Swapsis Feel Left Out,Lucky Fate; Aria Valencia; Will Pounder; Lauren Phillips
3443,Truth Or Dare With Hot Step Sister ~ Lucy Foxx - Aitsfs1E25 Scene 3Of3,Lucy_Foxx_Truth_Or_Dare_With_Hot_Step_Sister.mp4,ScottTrainorXxX,Western,45,Season/Episode,s1E25,Truth Or Dare With Hot Step Sister ~ Lucy Foxx - Aitsf Scene 3Of3,Lucy Foxx; Kymber Leigh; Scott Trainor
3439,Jasmine Grey - Confronting My Step-Sister: Part 1,Jasmine Grey - Blackmailing My Step-Sister.mp4,Primals POV Family Lust,Western,22,Part,Part 1,Jasmine Grey - Confronting My Step-Sister,Michael Masters; Jasmine Grey
3438,Stepsis Knows a Thing or Two About Semen and Sperm - S5:E5,"Jade Kimiko, Xxlayna Marie - Stepsis Knows A Thing Or Two About Semen And Sperm - S5E5 (19.10.2023)_1080p.mp4",Cum Swapping Sis,Western,26,Season/Episode,S5:E5,Stepsis Knows a Thing or Two About Semen and Sperm,Xxlayna Marie; Parker Ambrose; Jade Kimiko
3434,Escape From Camp Conversion - Chapter 1,girlsway.25.05.29.escape.from.camp.conversion.chapter.1.mp4,Girlcore,Western,55,Chapter,Chapter 1,Escape From Camp Conversion,Leana Lovings; Cami Strella; Demi Hawks; Codi Vore; Octavia Red
3433,Asylum Pt. 1,"Futanari XXX - Asylum Pt 1 - Sarah Heizel, Alice Peachy Dolly X [1080p].mp4",Futanari XXX,Western,24,Part,Pt. 1,Asylum,Alice Peachy; Sarah Heizel; Dolly X
3425,Sweethearts Episode 2,Digitalplayground.24.02.12.Aubree.Valentine.and.Lily.Lou.Sweethearts.Episode.2.XXX.1080p.MP4-WRB.mp4,Episodes,Western,52,Episode,Episode 2,Sweethearts,Lily Lou; Aubree Valentine; Small Hands
3403,Family Creampie - S2:E6,myfamilypies.18.05.04.chloe.couture.and.lily.rader.family.creampie.mp4,My Family Pies,Western,23,Season/Episode,S2:E6,Family Creampie,Chloe Cherry; Lily Rader
3384,,[PoorPornActor] Lesbians Dont know Theyre being Fucked by Delivery Guy EP3 IGNORE REMOTE_2024.mp4,,Western,28,Episode,EP3,[PoorPornActor] Lesbians Dont know Theyre being Fucked by Delivery Guy  IGNORE REMOTE_2024.mp4,
3374,But We Are Not in Your Room - S4:E8,[Cumswappingsis] Jade Maris & Myra Moans - But We Are Not In Your Room - 08.02.23 - 1080P.mp4,Cum Swapping Sis,Western,23,Season/Episode,S4:E8,But We Are Not in Your Room,Myra Moans; Jade Maris
3358,Selina Bentz - Step Daughter has Problems - Vol 1,TabooHeat.24.10.28.Selina.Bentz.XXX.1080p.HEVC.x265.PRT.mp4,Taboo Heat,Western,61,Volume,Vol 1,Selina Bentz - Step Daughter has Problems,Selina Bentz; Cory Chase; Luke Longly
3350,Rocco's Sex Clinic: Treatment #1 - Episode 4,RoccoSiffredi.22.03.03.Eden.Ivy.XXX.1080p.mp4,Rocco Siffredi,Western,31,Episode,Episode 4,Rocco's Sex Clinic: Treatment #1,Eden Ivy; Yves Morgan; Jack Rippher
3343,Like A Good Neighbor Vol 1 E3,PurgatoryX 2025-02-14 Blake Blossom Dani West.mp4,Heaven Series,Western,38,Volume,Vol 1,Like A Good Neighbor  E3,Blake Blossom; Michael Vegas; Dani West
3338,Her First Big Cock - Episode 3: Group Fun,OnlyTarts.24.08.02.Lilith.Liber.And.Nicole.Murkovski.Her.First.Big.Cock.Episode.3.XXX.1080p.HEVC.x265.PRT.mp4,OnlyTarts,Western,44,Episode,Episode 3,Her First Big Cock - : Group Fun,Nicole Murkovski; Lilith Liber; Ally Horny
3336,Rate the Facials - S23:E3,NubilesPorn 2023-05-26 Andi Rose Leana Lovings Maya Woulfe (x265 1080p).mp4,Step Siblings Caught,Western,40,Season/Episode,S23:E3,Rate the Facials,Maya Woulfe; Andi Rose; Leana Lovings
3331,Stepbro Your Cock Is Our Only Hope - S32:E6,MyFamilyPies.24.04.30.Camila.Cream.And.Elsa.Violet.XXX.1080p.HEVC.x265.PRT.mp4,My Family Pies,Western,29,Season/Episode,S32:E6,Stepbro Your Cock Is Our Only Hope,Camilla Cream; Diego Perez; Elsa Violet
3299,Allie Addison's Day Off - Part 1,FamilyStrokes 2023-12-14 Allie Addison.mp4,Family Strokes,Western,42,Part,Part 1,Allie Addison's Day Off,Allie Addison
3295,Space Junk - Episode 2,"Clea Gaultier, Geisha Kyd, Romy Indy, Tru Kait -- @DigitalPlayground -- Space Junk, Episode 2 -- 2023-04-17 [1080p, x265].mp4",DP World,Western,52,Episode,Episode 2,Space Junk,Xander Corvus; Danny D; Clea Gaultier; Geisha Kyd; Tru Kait
3286,The Bang Bracelets Part 3,the-bang-bracelets-part-3_1080p.mp4,Brazzers Exxtra,Western,38,Part,Part 3,The Bang Bracelets,Xander Corvus; Paige Owens
3284,Concept: My Dirty Uncle #2,teamskeetlabs.24.02.07.aria.banks.my.dirty.uncle.2.mp4,Team Skeet Labs,Western,51,Numbered,#2,Concept: My Dirty Uncle,Donnie Rock; Aria Banks
3283,Sweethearts Episode 3,sweethearts-episode-3_1080p.mp4,Episodes,Western,38,Episode,Episode 3,Sweethearts,Zac Wild; Lily Lou
3281,Step Sis Wants a Bad Boy - S14:E7,stepsiblingscaught_step_sis_wants_a_bad_boy_1920.mp4,Step Siblings Caught,Western,38,Season/Episode,S14:E7,Step Sis Wants a Bad Boy,Riley Jean
3279,Look What You Made Me Do - S11:E5,ssc.19.11.02.haley.reed.and.natalie.knight.look.what.you.made.me.do.mp4,Step Siblings Caught,Western,33,Season/Episode,S11:E5,Look What You Made Me Do,Haley Reed; Natalie Knight
3226,Give Me That Cock Daddy - S6:E1,realitysis.24.08.23.alex.coal.and.selina.imai.give.me.that.cock.daddy.mp4,Reality Sis,Japanese,28,Season/Episode,S6:E1,Give Me That Cock Daddy,Selina Imai; Alex Coal; Apollo Banks
3228,Help Alex I Want To Fuck My Stepsis - S6:E4,realitysis_help_alex_i_want_to_fuck_my_stepsis_1920.mp4,Reality Sis,Japanese,33,Season/Episode,S6:E4,Help Alex I Want To Fuck My Stepsis,Victor Ray; Aria Valencia; Alex Coal
3216,A Fucking Podcast Ep 7 the Acid Trip,producersfun.23.10.30.vanessa.sky.fucking.podcast.mp4,Producers Fun,Western,41,Episode,Ep 7,A Fucking Podcast  the Acid Trip,Nathan Bronson; Shawn Alff; Little Puck; Vanessa Sky
3210,Sugar Family - Episode 3: Orgy A Day Keeps The Problem Away,oopsfamily.24.12.13.kenzie.taylor.ophelia.kaan.and.coco.lovelock.sugar.family.3.mp4,Oops Family,Western,35,Episode,Episode 3,Sugar Family - : Orgy A Day Keeps The Problem Away,Axel Haze; Coco Lovelock; Dorian Del Isla; Kenzie Taylor; Ophelia Kaan
3208,Sugar Family - Episode 2: Big Cock Diet,oopsfamily.24.12.06.coco.lovelock.and.kenzie.taylor.sugar.family.2.big.cock.diet.mp4,Oops Family,Western,30,Episode,Episode 2,Sugar Family - : Big Cock Diet,Coco Lovelock; Kenzie Taylor
3203,Stepsis Serves Up The Pussy - S36:E3,myramoans_1080p.mp4,My Family Pies,Western,28,Season/Episode,S36:E3,Stepsis Serves Up The Pussy,Ryan Driller; Myra Moans; Jodie Johnson
3197,Screwged Part 1: Drips From the Past,momdrips.23.12.22.sheena.ryder.and.slimthick.vic.drips.from.the.past.mp4,Mom Drips,Western,49,Part,Part 1,Screwged : Drips From the Past,Mike Mancini; Charles Dera; Rusty Nails; Sona Bella; Damon Dice
3196,Stepmoms A Swinger - S4:E6,momsfamilysecrets.24.09.05.pristine.edge.and.selina.imai.stepmoms.a.swinger.mp4,Mom's Family Secrets,Western,34,Season/Episode,S4:E6,Stepmoms A Swinger,Pristine Edge; Selina Imai; Juan El Caballo Loco
3194,Pushing Boundaries Act 1,missax.mona.wales.pushing.boundaries.1080p.mp4,MissaX,Western,35,Act,Act 1,Pushing Boundaries,Ryan Mclane; Mona Wales; Kenna James
3195,Pushing Boundaries Act 5,missa.kenna.mona.1080p.mp4,MissaX,Western,27,Act,Act 5,Pushing Boundaries,Ryan Mclane; Mona Wales; Kenna James
3192,Pushing Boundaries Act 2,missax.kenna.mona.1080p.mp4,MissaX,Western,33,Act,Act 2,Pushing Boundaries,Ryan Mclane; Mona Wales; Kenna James
3193,Screwged Part 2: Plans for the Present,milfty.23.12.28.sheena.ryder.and.whitney.wright.plans.for.the.present.mp4,Milfty,Western,37,Part,Part 2,Screwged : Plans for the Present,Whitney Wright; Rion King; Sheena Ryder
3191,Fucking and Fireworks - S25:E6,mfp.22.07.02.freya.parker.and.madison.summers.fucking.and.fireworks.mp4,My Family Pies,Western,28,Season/Episode,S25:E6,Fucking and Fireworks,Freya Parker; Madison Summers
3186,Influence Part 5,marie.jean.1080p.mp4,Tushy,Western,40,Part,Part 5,Influence,Michael Stefano; Elsa Jean; Ariana Marie
3185,Lucky Fuck - S4:E8,lucky_fuck_1080p.mp4,Bratty Sis,Western,27,Season/Episode,S4:E8,Lucky Fuck,Piper Perri; Jericha Jem
3179,My Fiancees Wishes Vol 1 E3,laneygreypyx1080.mp4,Heaven Series,Western,30,Volume,Vol 1,My Fiancees Wishes  E3,Laney Grey; Codey Steele; Alex Mack; Stirling Cooper
3161,Swap Sons Bad Day Gets Better - S8:E5,familyswap.23.11.21.cherry.kiss.and.megan.marx.swap.sons.bad.day.gets.better.mp4,Family Swap,Western,23,Season/Episode,S8:E5,Swap Sons Bad Day Gets Better,Cherry Kiss; Danny Steele; Juan El Caballo Loco; Megan Marx
3157,Swap Family Breeding - S7:E9,familyswap.23.08.20.chanel.camryn.and.demi.diveena.swap.family.breeding.mp4,Family Swap,Western,29,Season/Episode,S7:E9,Swap Family Breeding,Parker Ambrose; Chanel Camryn; Damon Dice; Demi Diveena
3150,The Last Resort - Episode 4,dpg.25.07.28.the.last.resort.episode.4.4k.mp4,Digital Playground,Western,41,Episode,Episode 4,The Last Resort,Gal Ritchie; Nathan Bronson; Stella Luxx; Scarlett Alexis; Vince Karter
3145,The Bang Bracelets Part 2,brazzersexxtra.24.02.23.diamond.banks.the.bang.bracelets.part.2.mp4,Brazzers Exxtra,Western,30,Part,Part 2,The Bang Bracelets,Van Wylde; Diamond Banks
3141,Twice The Fun For Stepsis - S30:E4,brattysis.23.12.22.angel.gostosa.twice.the.fun.for.stepsis.mp4,Bratty Sis,Western,27,Season/Episode,S30:E4,Twice The Fun For Stepsis,Rion King; Parker Ambrose; Angel Gostosa
3142,Your Stepbrother Has A Big Dick - S30:E11,brattysis.24.01.26.amber.summer.and.skyler.storm.your.stepbrother.has.a.big.dick.mp4,Bratty Sis,Western,28,Season/Episode,S30:E11,Your Stepbrother Has A Big Dick,Amber Summer; Skyler Storm; Apollo Banks
3139,Blumpkin - S5:E11,brattysis.18.06.22.elle.voneva.blumpkin.mp4,Bratty Sis,Western,15,Season/Episode,S5:E11,Blumpkin,Phoebe Kalib
3140,Your Dick Is Inside Your Stepsister - S25:E9,brattysis.23.01.13.molly.little.and.penelope.kay.mp4,Bratty Sis,Western,26,Season/Episode,S25:E9,Your Dick Is Inside Your Stepsister,Molly Little; Penelope Kay
3138,My Step Sisters Nipples - S17:E11,brattysis.21.03.26.hime.marie.and.kylie.rocket.my.step.sisters.nipples.mp4,Bratty Sis,Western,27,Season/Episode,S17:E11,My Step Sisters Nipples,Hime Marie; Kyle Mason; Kylie Rocket
3135,Wecumtoyou Part 20,adulttime.2024.09.25.casey.calvert.leana.lovings.birth.1080p.mp4,Wecumtoyou,Western,120,Part,Part 20,Wecumtoyou,Little Caprice; Marcello Bravo; Isabella De Laa; Lutro Steel
3132,Leana Lovings in Free Use Step Daughter Vol. 2,[TabooHeat] Leana Lovings & Cory Chase - Free Use Step Daughter Vol. 2 1080p.mp4,Taboo Heat,Western,71,Volume,Vol. 2,Leana Lovings in Free Use Step Daughter,Leana Lovings; Cory Chase; Luke Longly
3124,Top 10 #18-30 Japanese Creampie Amateur,[PornhubPremium] JayBankPresents - RaeLilBlack (18auditions #18-30 - Asian creampie amateur) [1080p].mp4,Jay Bank Presents,Western,88,Numbered,#18,Top 10 -30 Japanese Creampie Amateur,Rae Lil Black
3110,Reckless - Episode 8: What's In The Bag?,Wicked 2023-08-18 Ryan Reed Ivy Wolfe.mp4,Wicked,Western,39,Episode,Episode 8,Reckless - : What's In The Bag?,Seth Gamble; Ryan Reid; Ivy Wolfe
3104,Jane Rogers Andi Rose 3way Pt 2,excogi.andi.jane.1080p.part2.x265.mp4,Exploited College Girls,Western,88,Part,Pt 2,Jane Rogers Andi Rose 3way,Andi Rose; Jane Rogers
3103,Jane Rogers Andi Rose 3way Pt 1,excogi.andi.jane.1080p.part1.x265.mp4,Exploited College Girls,Western,46,Part,Pt 1,Jane Rogers Andi Rose 3way,Andi Rose; Jane Rogers
3094,Selina Bentz - Step Daughter has Anal Problems - Vol 2 (Parts 1-3),"TabooHeat.com - Amiee Cambridge, Selina Bentz, Luke Longly - Selina Bentz - Step Daughter Has Anal Problems - Vol 2 (Parts 1-3) - 10-02-2025.mp4",Taboo Heat,Western,46,Volume,Vol 2,Selina Bentz - Step Daughter has Anal Problems -  (Parts 1-3),Selina Bentz; Luke Longly; Amiee Cambridge
3093,Serena Sterling in Step Daughter Has Problems Vol 3 (Parts 1-2),"TabooHeat.com - Amiee Cambridge, Serena Starlight, Cory Chase, Luke Longly - Serena Sterling In Step Daughter Has Problems Vol 3 (Parts 1-2) - 05-02-2025.mp4",Taboo Heat,Western,29,Volume,Vol 3,Serena Sterling in Step Daughter Has Problems  (Parts 1-2),Serena Sterling; Cory Chase; Luke Longly; Amiee Cambridge
3089,Three The Hardway XXX Vol.1,Skye Blue & Kayley Gunner - Three The Hard Way XXX Vol. 1 (Sep-01-2022) .mp4,LegendaryX,Western,35,Volume,Vol.1,Three The Hardway XXX,Skye Blue; John Legendary; Kayley Gunner
3078,Rocco's Italian Sex Clinic: Treatment #3 - Scene 1,RoccoSiffredi.22.05.26.Eden.Ivy.And.Marika.Milani.1080p.mp4,Rocco Siffredi,Western,52,Scene,Scene 1,Rocco's Italian Sex Clinic: Treatment #3,Vince Karter; Eden Ivy; Erik Everhard; Marika Milani
3067,Peter Pan XXX: An Axel Braun Parody Scene 1,Peter Pan XXX An Axel Braun Parody - WebDL - 1080p { The Rat Bastards }.mp4,Wicked,Western,119,Scene,Scene 1,Peter Pan XXX: An Axel Braun Parody,Ryan Ryder; Keira Nicole
3066,Phantasia - Episode 3: Medieval,Phantasia_s03_SethGamble_AllieNicole_1080p.mp4,Wicked,Western,38,Episode,Episode 3,Phantasia - : Medieval,Seth Gamble; Allie Nicole
3057,Well If Its Going To Be That Kind Of Barbeque - S9:E4,NubilesPorn 2024-06-24 Brooke Barclays Elsa Violet.mp4,Family Swap,Western,28,Season/Episode,S9:E4,Well If Its Going To Be That Kind Of Barbeque,Juan El Caballo Loco; Chad Alva; Brooke Barclays; Elsa Violet
3055,Thieving School Girls - S1:E4,Nubiles-Porn.16.01.29.Amanda.Aims.And.Ariana.Marie.Thieving.School.Girls.XXX.1080p.MP4-KTR.mp4,Bad Teens Punished,Western,22,Season/Episode,S1:E4,Thieving School Girls,Ariana Marie; Amanda Aims
3056,You Can Have My Stepbro If You Share - S3:E3,NubilesPorn 2024-03-20 Lana Smalls Macy Meadows.mp4,Lil Sis,Western,26,Season/Episode,S3:E3,You Can Have My Stepbro If You Share,Nathan Bronson; Lana Smalls; Macy Meadows
3054,What You Wanted - S9:E7,nubilef.14.02.04.janice.griffith.what.you.wanted.mp4,Nubile Films,Western,16,Season/Episode,S9:E7,What You Wanted,Ryan Driller; Janice Griffith
3050,,Nicole Vaunt 18 - BGG Threesome Leana Lovings x Corwin Prescott.mp4,,Western,27,Roman,x,Nicole Vaunt 18 - BGG Threesome Leana Lovings  Corwin Prescott.mp4,
3048,REAL Teen 18yo Creampie Amateur 18auditions Scene #17-3,Jay Bank Presents_NEW--18yo-Creampie-by-Grown-Man-17-3.mp4,Jay Bank Presents,Western,33,Numbered,#17,REAL Teen 18yo Creampie Amateur 18auditions Scene -3,Jay Bank; KayKay
3046,My Boyfriends Dad Shared His Wisdom and I Came - S30:E5,myfamilypies.23.08.28.xxlayna.marie.mp4,My Family Pies,Western,28,Season/Episode,S30:E5,My Boyfriends Dad Shared His Wisdom and I Came,Rion King; Xxlayna Marie; Clarke Kent
3044,Love Thy Neighbor Pt. 3: Home for the Holidays,Momswap 2023-01-02 Natasha Nice Kenzie Love.mp4,Mom Swap,Western,40,Part,Pt. 3,Love Thy Neighbor : Home for the Holidays,Natasha Nice; Kenzie Love
3040,Free Use Stepmommy - S1:E7,Momlover 2022-11-04  Cory Chase Molly Little.mp4,Mom's Family Secrets,Western,30,Season/Episode,S1:E7,Free Use Stepmommy,Molly Little; Alex Mack; Cory Chase
3036,Pushing Boundaries Act 4,"MissaX.com - Kenna James, Mona Wales, Ryan Mclane - Pushing Boundaries Act 4 - 02-07-2020.mp4",MissaX,Western,29,Act,Act 4,Pushing Boundaries,Ryan Mclane; Mona Wales; Kenna James
3023,Last Splash Ep. 1,Last Splash Ep 1.mp4,Lust Cinema,Western,27,Episode,Ep. 1,Last Splash,Nathan Bronson; Anna Claire Clouds
3021,Last Splash Ep. 3,Last Splash Ep 3.mp4,Lust Cinema,Western,32,Episode,Ep. 3,Last Splash,
3022,Last Splash Episode 2,Last Splash Ep 2.mp4,Lust Cinema,Western,29,Episode,Episode 2,Last Splash,Hollywood Cash; Charlotte Sins; Selena Ivy
3019,Machine Gunner - Episode 4,"Kira Noir -- @DigitalPlayground -- Machine Gunner Episode 4 -- 2023-07-24 [1080p, x265].mp4",Episodes,Western,40,Episode,Episode 4,Machine Gunner,Alex Jones; Kira Noir
3000,The Bang Bracelets Part 1,Hot And Mean - Paige Owens & Armani Black - The bang bracelets pt1.mp4,Hot and Mean,Western,33,Part,Part 1,The Bang Bracelets,Paige Owens; Armani Black
2972,Sweethearts Episode 4,DigitalPlayground 2024-02-26 Nicole Kitt August Skye.mp4,Episodes,Western,47,Episode,Episode 4,Sweethearts,Alex Jones; August Skye; Nicole Kitt
2969,Stepbros Big Idea Keeps Me Out of Trouble - S4:E10,cumswappingsis.23.08.23.bonnie.dolce.and.liz.ocean.mp4,Cum Swapping Sis,Western,29,Season/Episode,S4:E10,Stepbros Big Idea Keeps Me Out of Trouble,Liz Ocean; Bonnie Dolce
2941,Influence 2 Part 3,"Vixen (21.09.29) - Emily Willis - Influence 2 Part 3 [1080p, AV1].mkv",Vixen,Western,31,Part,Part 3,Influence 2,Manuel Ferrara; Emily Willis
2940,Long Con Part 3,Tushy.24.12.15.Agatha.Vega.And.Eve.Sweet.Long.Con.Part.3.XXX.1080p.HEVC.x265.PRT.mp4,Tushy,Western,42,Part,Part 3,Long Con,Christian Clay; Alberto Blanco; Agatha Vega; Eve Sweet; Stanley Johnson
2933,Episode 241 - Angel Youngs,x265.hookuphotshot.angel.youngs.1080p.mp4,Hookup Hotshot,Western,82,Episode,Episode 241,Angel Youngs,Angel Youngs
2932,Helping My Funsize Stepsister and Her Friends - S21:E1,x265_haley.spades.paris.white.ava.sinclaire.mp4,My Family Pies,Western,31,Season/Episode,S21:E1,Helping My Funsize Stepsister and Her Friends,Haley Spades; Paris White; Ava Sinclaire
2803,In Vogue 2 - Part 4,Vixen.25.06.06.Bella.Spark.In.Vogue.2.Part.4.1080p.HEVC.x265.HGM.mp4,Vixen,Western,43,Part,Part 4,In Vogue 2,Christian Clay; Bella Spark
2799,Doing More Than Home Work - S16:E1,StepSiblingsCaught.21.01.28.Jewelz.Blu.And.Lily.Larimar.XXX.1080p.HEVC.x265.PRT.mp4,Step Siblings Caught,Western,27,Season/Episode,S16:E1,Doing More Than Home Work,Tyler Nixon; Jewelz Blu; Lily Larimar
2800,Selina Bentz - Step Daughter has Anal Problems - Vol 2 (Part 2),TabooHeat.25.02.17.Cory.Chase.Amiee.Cambridge.and.Selina.Bentz.XXX.1080p.mp4,Taboo Heat,Western,28,Part,Part 2,Selina Bentz - Step Daughter has Anal Problems - Vol 2 (),Selina Bentz; Cory Chase; Luke Longly; Amiee Cambridge
2793,Vigilante City - Episode 2,DigitalPlayground.23.02.20.Mona.Azar.Avery.Jane.XXX.1080p.mp4,Digital Playground,Western,39,Episode,Episode 2,Vigilante City,Alex Jones; Mona Azar; Avery Jane
2787,Dog Day Afternoon - S8:E2,stepsiblingscaught - Dog Day Afternoon Haley Reed 1080p.x265.mkv,Step Siblings Caught,Western,26,Season/Episode,S8:E2,Dog Day Afternoon,Haley Reed
2784,Influence Part 1,[Tushy] Elsa Jean - Influence Part 1 (14-09-2020) 1080p hevc.mp4,Tushy,Western,32,Part,Part 1,Influence,Ryan Mclane; Elsa Jean
2781,Long Con Part 1,Vixen.24.12.13.Eve.Sweet.Long.Con.Part.1.XXX.1080p.HEVC.x265.PRT.mp4,Vixen,Western,46,Part,Part 1,Long Con,Matthew Meier; Eve Sweet
2780,Lucy Foxx - Christmas with Step Daughter's Best Friend Part 3,TabooHeat.24.12.18.Cory.Chase.and.Lucy.Foxx.XXX.1080p.mp4,Taboo Heat,Western,14,Part,Part 3,Lucy Foxx - Christmas with Step Daughter's Best Friend,Lucy Foxx; Cory Chase
2777,More to Learn - S45:E4,"Scarlett Alexis, Sera Ryder -- @NubileFilms -- More To Learn -- 2023-08-10 [1080p, x265].mp4",Nubile Films,Western,32,Season/Episode,S45:E4,More to Learn,Scarlett Alexis; Ryan Mclane; Sera Ryder
2763,Concept: Clamazon #2,MYLF 2024-02-22 Macy Meadows Bobbi Shay.mp4,MYLF Labs,Western,43,Numbered,#2,Concept: Clamazon,Macy Meadows; Bobbi Shay
2764,My Little Stepsister - S22:E6,"Molly Little -- @BrattySis -- My Little Stepsister -- 2022-04-15 [1080p, x265].mp4",Bratty Sis,Western,23,Season/Episode,S22:E6,My Little Stepsister,Molly Little; Tony Profane
2759,Going Through My Stepsis to Get My Car - S24:E11,"Clara Trinity -- @BrattySis -- Going Through My Stepsis To Get My Car -- 2022-11-04 [1080p, x265].mp4",Bratty Sis,Western,25,Season/Episode,S24:E11,Going Through My Stepsis to Get My Car,Clara Trinity
2760,Hobby Part 4: Mimicry,Deeper.20.10.29.September.Reign.And.Sofi.Ryan.XXX.1080p.HEVC.x265.PRT.mp4,Deeper,Western,34,Part,Part 4,Hobby : Mimicry,Manuel Ferrara; September Reign; Sofi Ryan
2734,My Stepbrother Can't Resist Us - S2:E9,"Nata Ocean, Tiffany Tatum --  @CumSwappingSis -- My Stepbrother Cant Resist Us -- 2022-11-05 [1080p, x265].mp4",Cum Swapping Sis,Western,30,Season/Episode,S2:E9,My Stepbrother Can't Resist Us,Charlie Dean; Nata Ocean; Tiffany Tatum
2726,In Vogue Part 1,"Kelly Collins, Apolonia Lapiedra -- @Vixen -- In Vogue, Part 1 -- 2023-07-28 [1080p, x265].mp4",Vixen,Western,47,Part,Part 1,In Vogue,Marco Bull; Kelly Collins; Apolonia Lapiedra
2729,Risqué Business pt. 2,MissaX - Layla Jenner - Risque Business Part 2.mp4,MissaX,Western,37,Part,pt. 2,Risqué Business,Layla Jenner; Ryan Driller
2720,Asylum Pt. 2,Futanari XXX - Asylum Pt 2 - Lia Lin and Sarah Heizel [1080p].mp4,Futanari XXX,Western,25,Part,Pt. 2,Asylum,Lia Lin; Sarah Heizel
2719,Swap Daughter Fourth Of July - S10:E6,FamilySwap.25.06.28.Demi.Hawks.And.Myra.Moans.XXX.1080p.HEVC.x265.HGM.mp4,Family Swap,Western,28,Season/Episode,S10:E6,Swap Daughter Fourth Of July,Myra Moans; Demi Hawks; Will Pounder; Jay Smooth
2715,I Dare You To Do It - S26:E12,"Lila Love -- @BrattySis -- I Dare You To Do It -- 2023-04-28 [1080p, x265].mp4",Bratty Sis,Western,29,Season/Episode,S26:E12,I Dare You To Do It,Jay Rock; Lila Love
2696,Naughty Elves On A Shelf - S3:E3,"Lily Larimar, Molly Little -- @CumSwappingSis -- Naughty Elves On A Shelf -- 2022-12-23 [1080p, x265].mp4",Cum Swapping Sis,Western,23,Season/Episode,S3:E3,Naughty Elves On A Shelf,Molly Little; Codey Steele; Lily Larimar
2691,In Vogue Part 5,"Kelly Collins -- @Tushy -- In Vogue Part 5 -- 2023-08-06 [1080p, x265].mp4",Tushy,Western,38,Part,Part 5,In Vogue,Vince Karter; Marco Bull; Kelly Collins
2693,Jia Episode 3,"Jia Episode 3 - Jia Lissa, Sonya Blaze 1080p_x265.mp4",Vixen,Western,56,Episode,Episode 3,Jia,Manuel Ferrara; Jia Lissa; Sonya Blaze
2689,Swap Family Values - S2:E7,FamilySwap.21.02.24.Jane.Rogers.And.Kylie.Le.Beau.Swap.Family.Values.XXX.1080p.HEVC.x265.PRT.mp4,Family Swap,Western,25,Season/Episode,S2:E7,Swap Family Values,Rion King; Steve Holmes; Jane Rogers; Kylie Le Beau
2673,November 2022 Flavor Of The Month Xxlayna Marie - S3:E4,"Xxlayna Marie -- @MyFamilyPies -- November 2022 Flavor Of The Month -- 2022-11-01 [1080p, x265].mp4",My Family Pies,Western,26,Season/Episode,S3:E4,November 2022 Flavor Of The Month Xxlayna Marie,Xxlayna Marie; Ricky Spanish
2657,Our Freeuse Swap Daughter - S7:E5,"Katrina Colt, Molly Little -- @FamilySwap -- Our Freeuse Swap Daughter -- 2023-05-25 [1080p, x265].mp4",Family Swap,Western,25,Season/Episode,S7:E5,Our Freeuse Swap Daughter,Molly Little; Juan El Caballo Loco; Katrina Colt; Will Pounder
2659,Sexy Shoplifters Part 1,Janice Griffith 21sextury.com.mp4,Club Sandy,Western,35,Part,Part 1,Sexy Shoplifters,Danny Mountain; Janice Griffith; Riley Reid
2646,These Taste Like Dick - S26:E8,"Allie Addison, Aria Valencia -- @BrattySis -- These Taste Like Dick -- 2023-03-31 [1080p, x265].mp4",Bratty Sis,Western,31,Season/Episode,S26:E8,These Taste Like Dick,Joshua Lewis; Aria Valencia; Allie Addison
2630,Our First Session - S43:E2,Nubilefilms 2022-09-23 Alex Coal Molly Little.mp4,Nubile Films,Western,39,Season/Episode,S43:E2,Our First Session,Molly Little; Alex Coal; Chad Alva
2617,My Mom And Your Mom Wont Get Along - S2:E2,"Anya Olsen, Lindsay Lee -- @MomSwapped -- My Mom And Your Mom Wont Get Along -- 2023-04-26 [1080p].mp4",Mom Swapped,Western,27,Season/Episode,S2:E2,My Mom And Your Mom Wont Get Along,Anya Olsen; Joshua Lewis; Lucky Fate; Lindsay Lee
2615,Lets Fuck It Out - S7:E10,familyswap.23.09.04.mandy.waters.and.penelope.kay.lets.fuck.it.out.mp4,Legendarylootz,Western,25,Season/Episode,S7:E10,Lets Fuck It Out,Penelope Kay; Will Pounder; Diego Perez; Mandy Waters
2603,FC2-PPV-3347899 (FC2-PPV-3288131 Part 2),[Uncensored] FC2-PPV-3347899.mp4,FC2,Japanese,57,Part,Part 2,FC2-PPV-3347899 (FC2-PPV-3288131 ),
2604,My Knockout Step Sister - S6:E2,brattysis.18.07.13.alex.blake.and.gracie.green.my.knockout.step.sister.mp4,Bratty Sis,Western,25,Season/Episode,S6:E2,My Knockout Step Sister,Alex Blake; Logan Long; Gracie Green
2580,"Visiting My Anal In-Laws #2 - Hime Marie, Jane Wilde & Seth Gamble",DevilsFilm 2025-03-07 Hime Marie Jane Wilde.mp4,Out of the Family,Western,53,Numbered,#2,"Visiting My Anal In-Laws  - Hime Marie, Jane Wilde & Seth Gamble",Seth Gamble; Hime Marie; Jane Wilde
2569,What Would I Do To My Stepbrother - S30:E2,mfp.2023.06.27.lexi.lore.and.molly.little.what.would.i.do.to.my.stepbrother.mp4,My Family Pies,Western,25,Season/Episode,S30:E2,What Would I Do To My Stepbrother,Molly Little; Alex Mack; Lexi Lore
2555,The Perks Of Being A Big Stepsister - S3:E10,cumswappingsis.23.04.03.amber.summer.and.kimmy.kimm.mp4,Cum Swapping Sis,Western,25,Season/Episode,S3:E10,The Perks Of Being A Big Stepsister,Kimmy Kimm; Amber Summer; Spikey Dee
2551,Some Dick Would Make You Less Stuck Up Stepsister - S22:E3,brattysis.22.03.25.harley.haze.and.scarlet.skies[pt].mp4,Bratty Sis,Western,16,Season/Episode,S22:E3,Some Dick Would Make You Less Stuck Up Stepsister,Juan El Caballo Loco; Scarlet Skies; Harley Haze
2553,Stepsister Wants Santas Milk - S34:E12,brattysis.24.12.20.sky.wonderland.stepsister.wants.santas.milk.mp4,Bratty Sis,Western,24,Season/Episode,S34:E12,Stepsister Wants Santas Milk,Nade Nasty; Sky Wonderland
2550,Stepsisters New Vibrator - S21:E11,brattysis.22.02.25.chloe.temple.and.haley.spades.stepsisters.new.vibrator.mp4,Bratty Sis,Western,24,Season/Episode,S21:E11,Stepsisters New Vibrator,Nathan Bronson; Haley Spades; Chloe Temple
2547,Hawaii Show Part 1: Sara's First Sex Show,_f265_jack_and_jill_hawaii_sara_056.mp4,Jack_and_Jill,Western,135,Part,Part 1,Hawaii Show : Sara's First Sex Show,Jak Palmer; Maya Rue; Jill Palmer; Sara Turner
2540,Leana Lovings In Free Use Step Daughter - Vol 4 - New Dynamics (Part 1-3),[TabooHeat] Leana Lovings & Cory Chase - Free Use Step Daughter Vol. 4 1080p.mp4,Taboo Heat,Western,61,Part,Part 1,Leana Lovings In Free Use Step Daughter - Vol 4 - New Dynamics (-3),Leana Lovings; Cory Chase; Luke Longly
2535,The Tutor Vol 1 E1,[PurgatoryX] The Tutor Vol 1 E1 - Venus Vixen.mp4,Hell,Western,38,Volume,Vol 1,The Tutor  E1,Venus Vixen; Tony Genius
2511,Stepsister Is Home Alone - S24:E5,[BrattySis.com] Molly Little - Stepsister Is Home Alone_1080p.mp4,Bratty Sis,Western,26,Season/Episode,S24:E5,Stepsister Is Home Alone,Molly Little; Ricky Spanish
2498,Stepmoms Test - S23:E3,MomsTeachSex.25.01.26.Anya.Olsen.Camila.Cream.XXX.1080p.mp4,Moms Teach Sex,Western,35,Season/Episode,S23:E3,Stepmoms Test,Anya Olsen; Juan El Caballo Loco; Camilla Cream
2488,Zero to Hero Episode 20: Haley Reed & Dante Colle,Haley_Reed_-_Zero_To_Hero_Episode_20.mp4,Zero to Hero,Western,49,Episode,Episode 20,Zero to Hero : Haley Reed & Dante Colle,Haley Reed; Shawn Alff; Dante Colle
2483,Trans Massage 2 - Scene 4,GenderXFilms 2024-10-17 Aliya Brynn Jade Venus.mp4,GenderXFilms,Western,41,Scene,Scene 4,Trans Massage 2,Andre Stone; Jade Venus; Aliya Brynn
2473,Escape From Camp Conversion - Chapter 2,"Escape from camp conversion chapter 2 - Alex Coal , Charlie Forde , Lexi Luna , Lulu Chu.mp4",Girlcore,Western,43,Chapter,Chapter 2,Escape From Camp Conversion,Lexi Luna; Lulu Chu; Alex Coal; Charlie Forde
2468,Hot Milfs Desiree Dulce & Mia James Take Their V-Cards on the Couch!,"Desiree Dulce, Mia James - Hot Milfs Desiree Dulce And Mia James Take Their V-Cards on the Couch - 12.08.2024 - HEVC.mp4",Mom Swap,Western,52,Roman,V,Hot Milfs Desiree Dulce & Mia James Take Their -Cards on the Couch!,Elias Cash; Dylan Ledger; Desiree Dulce; Mia James
2470,Space Junk - Episode 5,DigitalPlayground 2023-05-29 Ella Hughes Tru Kait.mp4,DP World,Western,34,Episode,Episode 5,Space Junk,Xander Corvus; Ella Hughes; Tru Kait
2465,Hobby Part 3: Finely Crafted Things,Deeper.20.10.22.Gabbie.Carter.And.Nia.Nacci.XXX.1080p.HEVC.x265.PRT.mp4,Deeper,Western,34,Part,Part 3,Hobby : Finely Crafted Things,Mick Blue; Gabbie Carter; Nia Nacci
2467,Space Junk - Episode 4,DigitalPlayground 2023-05-15 Jasmine Jae Ava Austen.mp4,DP World,Western,39,Episode,Episode 4,Space Junk,Xander Corvus; Juan Lucho; Danny D; Ella Hughes; Jasmine Jae
2445,Goddess - Episode 1: Athena And Aphrodite,"Ivy Wolfe, Kenna James -- @Wicked -- Goddess, Episode 1, Athena and Aphrodite -- 2023-03-31 [1080p, x265].mp4",Wicked,Western,34,Episode,Episode 1,Goddess - : Athena And Aphrodite,Seth Gamble; Kenna James; Ivy Wolfe
2444,Stepsisters Graduation Day - S17:E4,stepsiblingssaught.21.05.15.hime.marie.lulu.chu.stepsisters.graduation.day.x265.mp4,Step Siblings Caught,Western,26,Season/Episode,S17:E4,Stepsisters Graduation Day,Hime Marie; Lulu Chu
2441,Jia Episode 4,TUSHY_102830_1080P_x265.mp4,Tushy,Western,47,Episode,Episode 4,Jia,Christian Clay; Jia Lissa
2436,Space Junk - Episode 3,"Ella Hughes -- @DigitalPlayground -- Space Junk, Episode 3 -- 2023-05-01 [1080p, x265].mp4",DP World,Western,38,Episode,Episode 3,Space Junk,Xander Corvus; Ella Hughes
2435,All We Want for Christmas Is to Fuck My Stepdad - S27:E6,"Dakota Tyler, Molly Little, Maya Woulfe -- @MyFamilyPies -- 2022-12-21 [1080p, x265].mp4",My Family Pies,Western,21,Season/Episode,S27:E6,All We Want for Christmas Is to Fuck My Stepdad,Maya Woulfe; Molly Little; Dakota Tyler
2432,Influence 2 Part 1,"[Slayed] Influence 2 Part 1 [Kayden Kross, Emily Willis] [1080p] [x265].mp4",Slayed,Western,46,Part,Part 1,Influence 2,Emily Willis; Kayden Kross
2431,Influence 2 Part 4,[Blacked] Influence 2 Part 4 [Emily Willis] [1080p] [x265].mp4,Blacked,Western,38,Part,Part 4,Influence 2,Isiah Maxwell; Anton Harden; Emily Willis; Rob Piper; Tee Reel
2428,Magic Remote Vol 1 E3,"PurgatoryX - Scarlett Alexis, Kimora Quin - Magic Remote.m4v",Heaven Series,Western,26,Volume,Vol 1,Magic Remote  E3,Scarlett Alexis; Donnie Rock; Kimora Quin; Lucky Fate
2419,Clout - Episode 2: Fortune Favors The Fuckable,wicked.24.02.14.jewelz.blu.clout.episode.2.mp4,Wicked,Western,42,Episode,Episode 2,Clout - : Fortune Favors The Fuckable,Codey Steele; Jewelz Blu
2412,Sharing Stepbros Bed - S32:E4,brattysis.24.05.10.jade.maris.and.vanessa.marie.sharing.stepbros.bed.mp4,Bratty Sis,Western,34,Season/Episode,S32:E4,Sharing Stepbros Bed,Jay Romero; Jade Maris; Vanessa Marie
2382,CreamPiled Episode #5,CreamPiled.24.10.11.Sophia.Locke.XXX.1080p.mp4,CreamPiled,Western,48,Numbered,#5,CreamPiled Episode,Jaxson Briggs; Sophia Locke; Jason Sarcinelli; Jack Blaque; Chris Cock
2377,24 Hours Part 3,"Agatha Vega, Rae Lil Black -- @Vixen -- 24 Hours, Part 3 -- 2023-05-19 [1080p, x265].mp4",Vixen,Western,49,Part,Part 3,24 Hours,Alberto Blanco; Agatha Vega; Rae Lil Black
2368,Queen of Hearts: Part 2. The Corruption of Phoenix Marie.,34237 Shoot High.mp4,Kink Classics,Western,80,Part,Part 2,Queen of Hearts: . The Corruption of Phoenix Marie.,Toni Ribas; John Strong; Phoenix Marie; Karlo Karrera
2366,Gamer Girls Threesome x Enafox,Gamer Girls Threesome x Enafox.mp4,Hidori,Western,24,Roman,x,Gamer Girls Threesome  Enafo,Hidori Rose; Enafox
2363,Third Space Part 1,Deeper.24.01.25.Amber.Moore.Third.Space.Part.1.XXX.1080p.HEVC.x265.mp4,Deeper,Western,35,Part,Part 1,Third Space,Hollywood Cash; Amber Moore; Jay Hefner
2354,Like A Good Neighbor Vol 1 E2,PurgatoryX 2024-12-21 Dani West.mp4,Heaven Series,Western,22,Volume,Vol 1,Like A Good Neighbor  E2,Blake Blossom; Michael Vegas; Dani West
2335,In Vogue 2 - Part 2,blacked.25.05.08.stefany.kyler.and.lia.lin.in.vogue.2.part.2.xxx.mp4,Blacked,Western,47,Part,Part 2,In Vogue 2,Jason Luv; Lia Lin; Stefany Kyler
2330,"Diary of a Madman, S2 E4: I Had My Chance","[KinkFeatures] Sep 08, 2022 Casey Calvert - Diary Of A Madman, S2 E4 I Had My Chance [1080p].mp4",Kink Features,Western,52,Season/Episode,S2 E4,"Diary of a Madman, : I Had My Chance",Casey Calvert; The Pope
2317,My Stepsis Just Wants Dick - S28:E2,brattysis.23.08.04.violet.gems.my.stepsis.just.wants.dick.mp4,Bratty Sis,Western,24,Season/Episode,S28:E2,My Stepsis Just Wants Dick,Violet Gems
2318,Stepsis Is So Bossy - S36:E7,brattysis.25.05.02.della.cate.stepsis.is.so.bossy.mp4,Bratty Sis,Western,17,Season/Episode,S36:E7,Stepsis Is So Bossy,Della Cate; Victor Ray
2319,We Set Up A Double Date For Stepbro - S35:E2,brattysis.25.01.03.melody.marks.and.selina.imai.mp4,Bratty Sis,Western,30,Season/Episode,S35:E2,We Set Up A Double Date For Stepbro,Parker Ambrose; Selina Imai; Melody Marks
2281,Odette Delacroix Cast Alexa Grace Ep1 - S7:E4,[Nubiles-Casting.com] Odette Delacroix Cast Alexa Grace Ep1 [1080p_h265_q22].mp4,Nubiles Casting,Western,50,Episode,Ep1,Odette Delacroix Cast Alexa Grace  - S7:E4,Alexa Grace; Odette Delacroix
2273,Risque Business Pt. 1,[MissaX] Layla Jenner - Risque Business Pt. 1 1080p.mp4,MissaX,Western,35,Part,Pt. 1,Risque Business,Layla Jenner; Chad White
2266,"Diary of a Madman, S2 E2: Learning the Hard Way","[KinkFeatures] Aug 25, 2022 Casey Calvert - Diary Of A Madman, S2 E2 Learning The Hard Way [1080p].mp4",Kink Features,Western,38,Season/Episode,S2 E2,"Diary of a Madman, : Learning the Hard Way",Casey Calvert; The Pope
2250,Slutty Step Sisters - S2:E6,"[BrattySis] Alex Blake, Blair Williams - Slutty Step Sisters (08-09-2017) 1080p.mp4",Bratty Sis,Western,20,Season/Episode,S2:E6,Slutty Step Sisters,Alex Blake; Ryan Driller; Blair Williams
2222,Easter Dick For Stepsis And Friend - S31:E10,BrattySis 2024-03-29 Jade Kimiko Jade Maris.mp4,Bratty Sis,Western,31,Season/Episode,S31:E10,Easter Dick For Stepsis And Friend,Parker Ambrose; Jade Kimiko; Jade Maris
2223,Stepsis Has A Sleepover - S36:E2,BrattySis 2025-03-28 Ohana Petite Zazie Skymm.mp4,Bratty Sis,Western,29,Season/Episode,S36:E2,Stepsis Has A Sleepover,Ohana Petite; Zazie Skymm; Nikki Nuttz
2226,Vigilante City - Episode 1,Digitalplayground 2023-02-06 Ana Foxxx Kenna James August Skye.mp4,DP World,Western,43,Episode,Episode 1,Vigilante City,Scott Nails; Ana Foxxx; Kenna James; August Skye
2220,Stepsis Needs Some Extra Cash - S30:E2,BrattySis 15.12.2023 Jade Kimiko And Jade Maris Stepsis Needs Some Extra Cash 1080p.mp4,Bratty Sis,Western,26,Season/Episode,S30:E2,Stepsis Needs Some Extra Cash,Jade Kimiko; Jade Maris
2216,Employee Relations: Episode 3,Angela White - Employee Relations Episode 3 (21.02.2025)_1080p.mp4,Brazzers Exxtra,Western,29,Episode,Episode 3,Employee Relations,Charles Dera; Angela White; Mazee The Goat
2198,I Know What Chu Did Last Summer Part 3: Room For One More,bffs.24.08.28.lulu.chu.kimmy.kimm.and.phoebe.kalib.room.for.one.more [1080p].mp4,BFFs,Western,40,Part,Part 3,I Know What Chu Did Last Summer : Room For One More,Kimmy Kimm; Lulu Chu; Danny Steele; Phoebe Kalib
2196,"Episode 238: Gal, Chanel And Zac",bellesahouse.e238.gal.ritchie.chanel.camryn.and.zac.xxx.mp4,Bellesa House,Western,33,Episode,Episode 238,"Gal, Chanel And Zac",Gal Ritchie; Zac Wild; Chanel Camryn
2197,Taking Stepbrothers Load For Memorial Day - S36:E8,brattysis.25.05.09.emma.rosie.and.summer.renee.mp4,Bratty Sis,Western,27,Season/Episode,S36:E8,Taking Stepbrothers Load For Memorial Day,Parker Ambrose; Emma Rosie; Summer Renee
2177,The Live-In Nanny Vol 1 E3,"[PurgatoryX] Live In Nanny V1 E3 - Coco Lovecock, Alison Rey.mp4",Hell Series,Western,27,Volume,Vol 1,The Live-In Nanny  E3,Alex Legend; Alison Rey; Coco Lovelock
2179,The Tutor Vol 1 E2,[PurgatoryX] The Tutor Vol 1 E2 - Venus Vixen.mp4,Hell Series,Western,37,Volume,Vol 1,The Tutor  E2,Venus Vixen; Tony Genius
2158,Daddy's Playroom - Part One,[OnlyFans] Dainty Wilder - Daddys Playroom Part One 1080p.mp4,daintywilder (OnlyFans),Western,34,Part,Part One,Daddy's Playroom,Dainty Wilder
2140,Okichloeo X Dredd First Porn,[OF-Dredd] Okichloeo - Round 2 2025 [1080p].mp4,FansDB: Okiichloeo (onlyfans),Western,35,Roman,X,Okichloeo  Dredd First Porn,Chloe Rannoch; Dredd
2138,Serving the Servant - S44:E9,[NubileFilms] Andi Rose & Anna Claire Clouds & Theodora Day - Serving The Servant - S44 E9 - 1080p HEVC x265 (March.04.2023).mp4,Nubile Films,Western,38,Season/Episode,S44:E9,Serving the Servant,Andi Rose; Ryan Mclane; Anna Claire Clouds; Theodora Day
2100,The Sex Tape - S8:E9,[Family Swap] Blaire Johnson & Megan Marx - The Sex Tape (AC1-1080p).mkv,Family Swap,Western,23,Season/Episode,S8:E9,The Sex Tape,Ken Feels; Megan Marx; Blaire Johnson; Jodie Johnson
2096,Tonight You Get the Two Stroke Minimum - S3:E8,[CumSwappingSis] Haley Spades & Madi Collins & Nadia Noja - Tonight You Get the Two Stroke Minimum - S3 E8 - 1080p HEVC x265 (March.05.2023).mp4,Cum Swapping Sis,Western,22,Season/Episode,S3:E8,Tonight You Get the Two Stroke Minimum,Madi Collins; Haley Spades; Nadia Noja
2066,Step Sisters Valentines Cookie - S17:E4,BrattySis.21.02.05.Ashley.Lane.And.Jane.Rogers.Step.Sisters.Valentines.Cookie.XXX.1080p.HEVC.x265.PRT.mp4,Bratty Sis,Western,31,Season/Episode,S17:E4,Step Sisters Valentines Cookie,Tyler Nixon; Ashley Lane; Jane Rogers
2067,Tasting Stepbrothers Cum - S37:E1,BrattySis 2025-06-13 Emma Rosie Liz Jordan.mp4,Bratty Sis,Western,28,Season/Episode,S37:E1,Tasting Stepbrothers Cum,Lucky Fate; Emma Rosie; Liz Jordan
2064,Long Con Part 2,Blacked.24.12.14.Agatha.Vega.Long.Con.Part.2.XXX.1080p.HEVC.x265.PRT.mp4,Blacked,Western,40,Part,Part 2,Long Con,Jason Luv; Agatha Vega
2059,Jia Episode 2,BLACKED_102829_1080P_x265.mp4,Blacked,Western,50,Episode,Episode 2,Jia,Darrel Deeps; Jia Lissa; Little Dragon
2049,Valentines Day Fantasies Do Come True - S44:E5,"Alex Coal, Kyler Quinn -- @NubileFilms -- Valentine's Day Fantasies Do Come True -- 2023-02-11 [1080p, x265].mp4",Nubile Films,Western,27,Season/Episode,S44:E5,Valentines Day Fantasies Do Come True,Kyler Quinn; Robby Apples; Alex Coal
2042,The Tutor Vol 1 E3,"[PurgatoryX] The Tutor Vol 1 E3 - Venus Vixen, Sarah Jessie.mp4",Hell Series,Western,47,Volume,Vol 1,The Tutor  E3,Venus Vixen; Tony Genius; Sarah Jessie
2025,You Can't Get Me Off in Under Two Minutes - S23:E5,"Alex Coal, Molly Little -- @BrattySis -- You Cant Get Me Off In Under Two Minutes S23E5 -- 2022-07-01 [1080p, x265].mp4",Bratty Sis,Western,21,Season/Episode,S23:E5,You Can't Get Me Off in Under Two Minutes,Molly Little; Alex Coal
2024,"Fucking the Neighbors #04 - Sawyer Cassidy, Mina Moon & Aj",devilsfilm.21.05.26.sawyer.cassidy.mina.moon.x265.mp4,Devil's Film,Western,30,Numbered,#04,"Fucking the Neighbors  - Sawyer Cassidy, Mina Moon & Aj",Mina Moon; Sawyer Cassidy
2017,Do You Like Scary Movies - S40:E12,angelevelyn1080p_x265.mp4,Nubile Films,Western,35,Season/Episode,S40:E12,Do You Like Scary Movies,Jay Romero; Angel Youngs; Evelyn Claire
1999,Get The Hint Stepbro - S27:E12,[BrattySis] Myra Moans - Get The Hint Stepbro - S27E12 - 1080p HEVC x265 (July.21.2023).mp4,Bratty Sis,Western,27,Season/Episode,S27:E12,Get The Hint Stepbro,Jay Romero; Myra Moans
2000,Influence 2 Part 2,[Deeper] Influence 2 Part 2 [Emily Willis] [1080p] [x265].mp4,Deeper,Western,34,Part,Part 2,Influence 2,Mick Blue; Dante Colle; Emily Willis
1996,Swap Daughter Gets Stuck - S7:E4,"Aria Valencia, Cory Chase -- @FamilySwap -- Swap Daughter Gets Stuck -- 2023-05-07 [1080p, x265].mp4",Family Swap,Western,31,Season/Episode,S7:E4,Swap Daughter Gets Stuck,Ken Feels; Aria Valencia; Juan El Caballo Loco; Cory Chase
1987,Stepsisters Fourth Of July Creampie - S37:E3,BrattySis.25.06.27.Kimmy.Kimm.Stepsisters.Fourth.Of.July.Creampie.XXX.1080p.HEVC.x265.HGM.mp4,Bratty Sis,Western,27,Season/Episode,S37:E3,Stepsisters Fourth Of July Creampie,Kimmy Kimm; Diego Perez
1954,Okichloeo X Dredd First Porn,oki.mp4,okiichloeo (OnlyFans),Western,44,Roman,X,Okichloeo  Dredd First Porn,Chloe Rannoch; Dredd
1947,,Leana Lovings x Teddy Tarantino – Stepdad’s First Time with His Virgin Stepdaughter.mp4,,Western,20,Roman,x,Leana Lovings  Teddy Tarantino – Stepdad’s First Time with His Virgin Stepdaughter.mp4,
1944,Wanted: Episode 3,DigitalPlayground.25.06.02.Kylie.Rocket.And.Charlotte.Sins.Wanted.Episode.3.XXX.1080p.HEVC.x265.PRT.mp4,Blockbuster,Western,48,Episode,Episode 3,Wanted,Isiah Maxwell; Victor Ray; Kylie Rocket; Charlotte Sins
1942,Stepsis Is A Freak - S37:E5,BrattySis.25.07.11.Bella.Nova.Stepsis.Is.A.Freak.XXX.1080p.HEVC.x265.PRT.mp4,Bratty Sis,Western,29,Season/Episode,S37:E5,Stepsis Is A Freak,Bella Nova; Jay Rock
1591,,"[Cosplayground] Ghostbusters XXX A Porn Parody - Part 2 - Anna Claire Clouds, Avery Black & Chanel Camryn (1080p).mp4",Cosplayground,Western,30,Part,Part 2,"[Cosplayground] Ghostbusters XXX A Porn Parody -  - Anna Claire Clouds, Avery Black & Chanel Camryn (1080p).mp4",
1592,Ghostbusters XXX: A Porn Parody - Scene 1,[Cosplayground] Ghostbusters XXX A Porn Parody - Part 1 - Chanel Camryn (1080p).mp4,Cosplayground,Western,23,Scene,Scene 1,Ghostbusters XXX: A Porn Parody,Isiah Maxwell; Chanel Camryn
1586,School Is In For Stepbro - S37:E7,brattysis_25jul_1080p.mp4,Bratty Sis,Western,33,Season/Episode,S37:E7,School Is In For Stepbro,Jimmy Michaels; Bianca Bangs; Myra Moans
1448,My Stepmom Is Easy - S19:E7,momsteachsex.2023.06.15.anya.olsen.and.aria.valencia.my.stepmom.is.easy.mp4,Moms Teach Sex,Western,29,Season/Episode,S19:E7,My Stepmom Is Easy,Anya Olsen; Lucky Fate; Aria Valencia
1435,Stunning Tinder Match Wants to Fuck BEFORE The Date - Mia V,LevLieben_2024-11-05_Mia.Valentine_Stunning.Tinder.Match.Wants.to.Fuck.BEFORE.The.Date.-.Mia.V_1080p.mp4,Lev Lieben,Western,58,Roman,V,Stunning Tinder Match Wants to Fuck BEFORE The Date - Mia,Lev Lieben; Mia Valentine
1396,The Last Resort - Episode 3,DigitalPlayground.25.07.21.Cherry.Kiss.And.Scarlett.Alexis.The.Last.Resort.Episode.3.XXX.1080p.HEVC.x265.PRT.mp4,Blockbuster,Western,53,Episode,Episode 3,The Last Resort,Nathan Bronson; Scarlett Alexis; Nick Strokes; Cherry Kiss
1392,Three The Hardway XXX Vol.2,Angel Youngs & Blake Blossom - Three The Hard Way XXX Vol. 2 (Oct-10-2022).mp4,LegendaryX,Western,29,Volume,Vol.2,Three The Hardway XXX,Angel Youngs; John Legendary; Blake Blossom
1389,Kinky Secrets of the Suburbs - Part 3,zzseries.22.03.08.lily.lou.kinky.secrets.of.the.suburbs.part.3[pt].mp4,ZZ Series,Western,39,Part,Part 3,Kinky Secrets of the Suburbs,Jax Slayher; Lily Lou
1391,Kinky Secrets of the Suburbs - Part 4,zzseries.22.03.09.cherie.deville.and.codi.vore.mp4,ZZ Series,Western,35,Part,Part 4,Kinky Secrets of the Suburbs,Mick Blue; Codi Vore; Cherie DeVille
1380,Concept: TeamSkeet University #2,teamskeetlabs.24.04.26.freya.von.doom.and.selina.bentz.teamskeet.university.2.mp4,TeamSkeet Labs,Western,83,Numbered,#2,Concept: TeamSkeet University,Barbie Dracula; Carrion Grey; Kira Handcock; Selina Bentz; Freya Von Doom
1379,My Free Use Christmas Elves - S28:E2,stepsiblingscaught.24.12.12.bianca.bangs.kimmy.kimm.and.sawyer.cassidy[pt].mp4,Step Siblings Caught,Western,39,Season/Episode,S28:E2,My Free Use Christmas Elves,Kimmy Kimm; Bianca Bangs; Parker Ambrose; Sawyer Cassidy
1387,The Exchange Student Study Buddies - S2:E7,tss.19.03.29.eliza.ibarra.and.jane.wilde.the.exchange.student.study.buddies.mkv,That Sitcom Show,Western,29,Season/Episode,S2:E7,The Exchange Student Study Buddies,Eliza Ibarra; Jane Wilde; Juan El Caballo Loco
1362,Nubiles Podcast Myra Moans Casts Daisy Fox Part 2 - S1:E9,nubilescasting.25.06.05.myra.moans.casts.daisy.fox.mp4,Nubiles Casting,Western,38,Part,Part 2,Nubiles Podcast Myra Moans Casts Daisy Fox  - S1:E9,Jayden Marcos; Myra Moans; Daisy Fox
1360,Our New Roommate - S37:E20,nubilefilms_our_new_roommate_1920.mp4,Nubile Films,Western,27,Season/Episode,S37:E20,Our New Roommate,Whitney Wright; Nathan Bronson; Skye Blue
1359,Stepmom Makes Her Move - S5:E6,momwantscreampie.24.12.06.anya.olsen.stepmom.makes.her.move.mp4,Mom Wants Creampie,Western,29,Season/Episode,S5:E6,Stepmom Makes Her Move,Nade Nasty; Anya Olsen; Parker Ambrose
1358,Talk Nerdy To Me - S39:E20,nubilefilms.21.07.30.alex.coal.ryder_rey.x265.mp4,Nubile Films,Western,27,Season/Episode,S39:E20,Talk Nerdy To Me,Ryder Rey; Alex Mack; Alex Coal
1341,My Step Brothers Gender Reveal Party - S2:E10,dgs.21.04.11.ashley.lane.clara.trinity.and.jane.wilde.mp4,Detention Girls,Western,28,Season/Episode,S2:E10,My Step Brothers Gender Reveal Party,Nathan Bronson; Clara Trinity; Jane Wilde; Ashley Lane
1337,I Caught My Coach With The Team Captain - S2:E1,caughtmycoach.24.03.08.jane.wilde.and.leana.lovings.mp4,Caught My Coach,Western,35,Season/Episode,S2:E1,I Caught My Coach With The Team Captain,Leana Lovings; Jane Wilde; Bruce Venture
1334,Pull Your Dick Out And We Will Fuck It - S32:E11,brattysis.24.06.28.megan.marx.and.myra.moans.pull.your.dick.out.and.we.will.fuck.it.mp4,Bratty Sis,Western,28,Season/Episode,S32:E11,Pull Your Dick Out And We Will Fuck It,Elias Cash; Myra Moans; Megan Marx
1319,After Dark Part 5,[Vixen] After Dark part 5 - 18.10.26 - 1080p HEVC.mkv,Vixen,Western,60,Part,Part 5,After Dark,Alex Jones; Kira Noir; Mick Blue; Ryan Driller; Mia Malkova
1314,Smash Me I Can Take It - S1:E6,[Smashed XXX] - 22.11.18 - Molly Little - Smash Me I Can Take It 1080p.mp4,Smashed,Western,18,Season/Episode,S1:E6,Smash Me I Can Take It,Molly Little; Danny Steele
1300,Dainty X Valerica BGG POV Super Squirter Threesome,[OnlyFans] Valerica Steele & Dainty Wilder - Dainty's First Full Threesome 1080p.mp4,Valerica Steele,Western,43,Roman,X,Dainty  Valerica BGG POV Super Squirter Threesome,Dainty Wilder; Valerica Steele
1299,Vol. 21 - The Dealer,[OnlyFans] Melanie Marie - S3xus Vol. 21 1080p.mp4,S3XUS,Western,32,Volume,Vol. 21,The Dealer,Brad Newman; Melanie Marie
1175,He Won't Mind II,"[MissaX] Kenna James, Maya Kendrick, Seth Gamble (He Won't Mind II - 20.06.2019) [1080p].mp4",MissaX,Western,40,Roman,II,He Won't Mind,Seth Gamble; Maya Kendrick; Kenna James
1155,Youll Shoot Your Eye Out - S8:E6,[FamilySwap.xxx] 12.12.2023 Anya Olsen And Xxlayna Marie - Youll Shoot Your Eye Out [1080p.x265].mp4,Family Swap,Western,29,Season/Episode,S8:E6,Youll Shoot Your Eye Out,Jimmy Michaels; Anya Olsen; Xxlayna Marie; Clarke Kent
1091,Concept: Fluffers #2,Teamskeet 2022-09-07 Lacy Tate Leana Lovings.mp4,TeamSkeet Labs,Western,55,Numbered,#2,Concept: Fluffers,Peter Green; Leana Lovings; Lacy Tate
1090,Concept: My Dirty Uncle #3,TeamSkeetLabs.25.07.08.Claire.Black.My.Dirty.Uncle.3.XXX.2160p.mp4,TeamSkeet Labs,Western,44,Numbered,#3,Concept: My Dirty Uncle,Claire Black; Nicky Rebel
1093,Concept: Trashy Boners #2,Teamskeetlabs Aria Banks And Jessica Marie 1080P.mp4,TeamSkeet Labs,Western,48,Numbered,#2,Concept: Trashy Boners,Nicky Rebel; Jessica Marie; Aria Banks
1061,Katie Kush Cast Kelsey Kane - S8:E8,NubilesPorn 2024-11-27 Katie Kush Kelsey Kane.mp4,Nubiles Casting,Western,51,Season/Episode,S8:E8,Katie Kush Cast Kelsey Kane,Parker Ambrose; Kelsey Kane; Katie Kush
1060,Stepsisters St Pattys Shenanigans - S6:E4,NubilesPorn 2025-03-03 Molly Little Nikki Nicole.mp4,Cum Swapping Sis,Western,34,Season/Episode,S6:E4,Stepsisters St Pattys Shenanigans,Molly Little; Parker Ambrose; Nikki Nicole
1059,Star Whores May The 4th Be With You - S2:E9,"Nubiles - Kyler Quinn, Rosalyn Sphinx, Skye Blue - Star Whores May the 4th Be with You.M4v",Detention Girls,Western,41,Season/Episode,S2:E9,Star Whores May The 4th Be With You,Skye Blue; Rosalyn Sphinx; Kyler Quinn; Codey Steele
1041,No Swallowing Allowed 9 - Scene 9: Lela Star,Lela Star - No Swallowing Allowed 9 - AI Upscale - 1964x1440.mp4,Diabolic,Western,24,Scene,Scene 9,No Swallowing Allowed 9 - : Lela Star,Brian Surewood; Lela Star; Tony T.
1022,Three Of Us Take A Bite Of My Stepbrother - S23:E7,"Eliza Ibarra, Tiana Blow, Kimmy Kim -- @StepSiblingsCaught -- Three Of Us Take A Bite Of My Stepbrother -- 2023-07-03 [1080p, x265].mp4",Step Siblings Caught,Western,25,Season/Episode,S23:E7,Three Of Us Take A Bite Of My Stepbrother,Kimmy Kimm; Jimmy Michaels; Tiana Blow; Eliza Ibarra
1002,I Know My Stepsis Has Swallowed Tons Of Dick - S26:E11,Brattysis 2023-04-21 Amber Summer Kimmy Kimm.mp4,Bratty Sis,Western,25,Season/Episode,S26:E11,I Know My Stepsis Has Swallowed Tons Of Dick,Kimmy Kimm; Amber Summer; Joshua Lewis
991,Assvengers Porn Parody - Episode III: Assvengers Assemble!,assvengers-porn-parody-episode-iii-assvengers-assemble-HD.mp4,Wankz TV,Western,55,Roman,III,Assvengers Porn Parody - Episode : Assvengers Assemble!,Jennifer White; Scott Lyons; Talon; Will Powers
990,Assvengers Porn Parody - Episode II: Backdoor Without Backup,assvengers-porn-parody-episode-ii-backdoor-without-backup-HD.mp4,Wankz TV,Western,36,Roman,II,Assvengers Porn Parody - Episode : Backdoor Without Backup,Scott Lyons; Marsha May
985,Our Hot Stepmoms Know How To Play - S4:E6,"Anya Olsen, Sophia Locke - Our Hot Stepmoms Know How To Play.mp4",Mom Swapped,Western,32,Season/Episode,S4:E6,Our Hot Stepmoms Know How To Play,Sophia Locke; Anya Olsen; Parker Ambrose; Anthony Pierce
850,My Step Sister And Her Hot Friend - S5:E5,stepsiblingscaught.17.08.03.alex.blake.and.carolina.sweets.my.step.sister.and.her.hot.friend.mp4,Step Siblings Caught,Western,25,Season/Episode,S5:E5,My Step Sister And Her Hot Friend,Alex Blake; Kyle Mason; Carolina Sweets
534,Red White And Blue My Load In My Step Sister And Her Friend - S18:E6,madiandi1080.mp4,My Family Pies,Western,29,Season/Episode,S18:E6,Red White And Blue My Load In My Step Sister And Her Friend,Madi Collins; Andi Rose; Zac Wild
495,Creampie Surprise - S4:E10,brattysis.18.03.23.alex.blake.and.lily.adams.creampie.surprise.mp4,Bratty Sis,Western,21,Season/Episode,S4:E10,Creampie Surprise,Alex Blake; Lucas Frost; Lily Adams
496,Two Fore One - S9:E3,brattysis.19.03.29.alex.blake.and.whitney.wright.two.for.one.mp4,Bratty Sis,Western,23,Season/Episode,S9:E3,Two Fore One,Alex Legend; Whitney Wright; Alex Blake
412,Lunch Date with BBC Part 1,Asianbbcluvr - Lunch Date with BBC Part 1.mp4,Asianbbcluvr,Western,21,Part,Part 1,Lunch Date with BBC,Asianbbcluvr
405,BBC destroys tiny Asian slut wife holes PT 2,Asianbbcluvr - BBC destroys tiny Asian slut wife holes PT 2.mp4,Asianbbcluvr,Western,14,Part,PT 2,BBC destroys tiny Asian slut wife holes,Asianbbcluvr
380,Squid Game - XXX Parody Vol. 3,[OF-SiaSiberia] Squid Game - XXX Parody Vol. 3 [1080p].mp4,Manyvids: Sia Siberia,Western,17,Volume,Vol. 3,Squid Game - XXX Parody,Sia Siberia
381,🐙 Squid Game - XXX Parody Vol. 2,[OF-SiaSiberia] Squid Game - XXX Parody Vol. 2 [1080p].mp4,sia_siberia (OnlyFans),Western,26,Volume,Vol. 2,🐙 Squid Game - XXX Parody,Sia Siberia; Sonya Vibe; Ksu Colt; Lesya Moon
379,🐙 Squid Game - XXX Parody Vol. 1,[OF-SiaSiberia] Squid Game - XXX Parody Vol. 1 [1080p].mp4,sia_siberia (OnlyFans),Western,26,Volume,Vol. 1,🐙 Squid Game - XXX Parody,Sia Siberia; Sonya Vibe; Ksu Colt; Lesya Moon
374,Bestie Chloe Begs For Elly's Squirt On Her Face Part 1,[JackandJill] Chloefoxxe & Elly Clutch - Ticket Show - 6-8-24 1080p.mp4,JackandJillVR,Western,53,Part,Part 1,Bestie Chloe Begs For Elly's Squirt On Her Face,Jak Palmer; Elly Clutch; Chloe Foxxe; Jill Palmer
368,,[Cosplayground] Furiosa XXX A Porn Parody - Part 4 - Becoming Furiosa - Freya Parker (1080p).mp4,Cosplayground,Western,30,Part,Part 4,[Cosplayground] Furiosa XXX A Porn Parody -  - Becoming Furiosa - Freya Parker (1080p).mp4,Freya Parker
365,Furiosa XXX: A Porn Parody - Part 2: Discarding Furiosa,[Cosplayground] Furiosa XXX A Porn Parody - Part 2 - Discarding Furiosa - Madi Collins (1080p).mp4,Cosplayground,Western,37,Part,Part 2,Furiosa XXX: A Porn Parody - : Discarding Furiosa,Madi Collins
364,Furiosa XXX: A Porn Parody - Part 1: Finding Furiosa,[Cosplayground] Furiosa XXX A Porn Parody - Part 1 - Finding Furiosa - Madi Collins & Alison Rey (1080p).mp4,Cosplayground,Western,34,Part,Part 1,Furiosa XXX: A Porn Parody - : Finding Furiosa,Madi Collins; Alison Rey
362,Furiosa XXX: A Porn Parody - Part 3: Immortan's Lust,[Cosplayground] Furiosa XXX A Porn Parody - Part 3 - Immortan's Lust - Sophia Locke (1080p).mp4,Cosplayground,Western,27,Part,Part 3,Furiosa XXX: A Porn Parody - : Immortan's Lust,Sophia Locke; Evan Stone
358,The Last Resort - Episode 1,Scarlett Alexis - The Last Resort - Episode 1 (07.07.2025)_1080p.mp4,Blockbuster,Western,57,Episode,Episode 1,The Last Resort,Scarlett Alexis; Vince Karter
357,The Last Resort - Episode 2,Stella1080.mp4,Blockbuster,Western,43,Episode,Episode 2,The Last Resort,Gal Ritchie; Nathan Bronson; Stella Luxx
350,Waterfalls gets me wet! - SammmNextDoor Date Night #20,SND - [PH] - Waterfalls Gets Me Wet! Date Night #20.mp4,Sammm Next Door,Western,14,Numbered,#20,Waterfalls gets me wet! - SammmNextDoor Date Night,Sammm Next Door
348,,"SND - [PH] - We Almost Got Caught in the Cable Car, Risky Blowjob! Date Night #22.mp4",,Western,24,Numbered,#22,"SND - [PH] - We Almost Got Caught in the Cable Car, Risky Blowjob! Date Night .mp4",
347,TRICK or treat? Scream teen made his hard dick disappear - Sammmnextdoor Date Night #10,SND - [PH] - Trick or Treat_ Scream Teen Made His Hard Dick Disappear.mp4,Sammm Next Door,Western,17,Numbered,#10,TRICK or treat? Scream teen made his hard dick disappear - Sammmnextdoor Date Night,Sammm Next Door
335,,SND - [PH] - OUTDOOR Sex and SKINNY DIPPING after Hiking to the Waterfall - Date Night #26.mp4,,Western,26,Numbered,#26,SND - [PH] - OUTDOOR Sex and SKINNY DIPPING after Hiking to the Waterfall - Date Night .mp4,
334,Sammmnextdoor Date Night #05 - Passionate sunrise sex (she swallows) over pyramids in an air balloon,SND - [PH] - Passionate Sunrise Sex (She Swallows) Over Pyramids in an Air Balloon.mp4,Sammm Next Door,Western,17,Numbered,#05,Sammmnextdoor Date Night  - Passionate sunrise sex (she swallows) over pyramids in an air balloon,Sammm Next Door
327,Intimate ANAL sex in a cabin - SammmNextDoor Date Night #24,SND - [PH] - Intimate Anal Sex in a Cabin Date Night #24.mp4,Sammm Next Door,Western,29,Numbered,#24,Intimate ANAL sex in a cabin - SammmNextDoor Date Night,Sammm Next Door; Alex
325,Sammmnextdoor Date Night #00 - Innocent blonde tinder date fucked until she's messy,SND - [PH] - Innocent Blonde Tinder Date Fucked Until She's Messy.mp4,Sammm Next Door,Western,19,Numbered,#00,Sammmnextdoor Date Night  - Innocent blonde tinder date fucked until she's messy,Sammm Next Door
321,Hard cock for the birthday girl - SammmNextDoor Date Night #23,SND - [PH] - Hard Cock for the Birthday Girl Date Night #23.mp4,Sammm Next Door,Western,27,Numbered,#23,Hard cock for the birthday girl - SammmNextDoor Date Night,Sammm Next Door; Alex
314,,SND - [PH] - From Models to Pornstars. Hot Fuck after a Photoshoot - Date Night #28.mp4,,Western,18,Numbered,#28,SND - [PH] - From Models to Pornstars. Hot Fuck after a Photoshoot - Date Night .mp4,
319,,SND - [PH] - Golf Date Night Turns Into Rough Sex With Hot Blonde Date Night #25.mp4,,Western,21,Numbered,#25,SND - [PH] - Golf Date Night Turns Into Rough Sex With Hot Blonde Date Night .mp4,
315,Foot worship after long hike - SammmNextDoor Date Night #18,SND - [PH] - Foot Worship After Long Hike Date Night #18.mp4,Sammm Next Door,Western,24,Numbered,#18,Foot worship after long hike - SammmNextDoor Date Night,Sammm Next Door
318,Happy Ending MASSAGE in BS AS - SammmNextDoor Date Night #14,SND - [PH] - Happy Ending Massage in Bs as Date Night #14.mp4,Sammm Next Door,Western,19,Numbered,#14,Happy Ending MASSAGE in BS AS - SammmNextDoor Date Night,Sammm Next Door
312,Sammmnextdoor - Date Night #06 - Roaming and Moaning in Rome (making love for the neighbors),SND - [PH] - Date Night #06 - Roaming and Moaning in Rome (Making Love for the Neighbors).mp4,Sammm Next Door,Western,26,Numbered,#06,Sammmnextdoor - Date Night  - Roaming and Moaning in Rome (making love for the neighbors),Sammm Next Door
309,Sammmnextdoor - Date Night #02 - Falling in love and fucking on adrenaline - squirting slut,SND - [PH] - Date Night #02 - Falling in Love and Fucking on Adrenaline - Squirting Slut.mp4,Sammm Next Door,Western,23,Numbered,#02,Sammmnextdoor - Date Night  - Falling in love and fucking on adrenaline - squirting slut,Sammm Next Door
310,Sammmnextdoor - Date Night #04 - Arcade foreplay before passionate fucking at home,SND - [PH] - Date Night #04 - Arcade Foreplay Before Passionate Fucking at Home.mp4,Sammm Next Door,Western,20,Numbered,#04,Sammmnextdoor - Date Night  - Arcade foreplay before passionate fucking at home,Sammm Next Door
307,Cute teen squirting slut loves it rough - dripping pussy creampie - Sammmnextdoor Date Night #11,SND - [PH] - Cute Teen Squirting Slut Loves It Rough - Dripping Pussy Creampie.mp4,Sammm Next Door,Western,20,Numbered,#11,Cute teen squirting slut loves it rough - dripping pussy creampie - Sammmnextdoor Date Night,Sammm Next Door
308,Sammmnextdoor - Date Night #03 - Tiny skating slut rolls home to be fucked,SND - [PH] - Date Night #03 - Tiny Skating Slut Rolls Home to Be Fucked.mp4,Sammm Next Door,Western,16,Numbered,#03,Sammmnextdoor - Date Night  - Tiny skating slut rolls home to be fucked,Sammm Next Door
305,,SND - [PH] - Crazy ROUGH Sex after ROCK CLIMBING Adventure - Date Night #27.mp4,,Western,24,Numbered,#27,SND - [PH] - Crazy ROUGH Sex after ROCK CLIMBING Adventure - Date Night .mp4,
303,American ANAL slut pounded in the Mexican JUNGLE - Sammmnextdoor Date Night #17,SND - [PH] - American Anal Slut Pounded in the Mexican Jungle Date Night #17.mp4,Sammm Next Door,Western,19,Numbered,#17,American ANAL slut pounded in the Mexican JUNGLE - Sammmnextdoor Date Night,Sammm Next Door
300,,SND - [PH] - A Wild Ride in the Amusement Park Date Night #21.mp4,,Western,18,Numbered,#21,SND - [PH] - A Wild Ride in the Amusement Park Date Night .mp4,
301,A public quickie blowjob leads to fucking petite girlfriend at home - Sammmnextdoor Date Night #15,SND - [PH] - A Public Quickie Blowjob Leads to Fucking Petite Girlfriend at Home Date Night #15.mp4,Sammm Next Door,Western,16,Numbered,#15,A public quickie blowjob leads to fucking petite girlfriend at home - Sammmnextdoor Date Night,Sammm Next Door
69,Climax #3,Dorcel Club - 2023-06-30 - Climax #3 [WEBDL-2160p].mkv,Dorcel Club,Western,74,Numbered,#3,Climax,Nathan Bronson; Alex Jones; Alexis Tae; Maya Woulfe; Kira Noir
